station_name,address,slow_count,fast_count,station_ids,n_ids,confidence,prefixes
부산남부경찰서,부산광역시 남구 황령대로319번가길 81,0,2,ME22C256;BNOH3901;ST601309,3,다른 사업자(강한 의심),BNOH;ME;ST
KB차차차 동대구,대구광역시 동구 안심로59길 36,2,0,AZ100021;EZ002316;YC100016,3,다른 사업자(강한 의심),AZ;EZ;YC
인천인재개발원,인천광역시 서해구 심곡로 98,5,0,HU320010;L3280176;L3320010,3,다른 사업자(강한 의심),HU;L
화곡6-1 공영주차장,서울특별시 강서구 우장산로 114,0,1,ME21B131;DO000052,2,다른 사업자(강한 의심),DO;ME
볏골공원 공영주차장,서울특별시 강서구 까치산로4길 22,0,1,ME21B132;DO000051,2,다른 사업자(강한 의심),DO;ME
보건복지행정타운 충전소,서울특별시 광진구 능동로 400,2,0,AM900008;EP220188,2,다른 사업자(강한 의심),AM;EP
서울 한샘상암사옥 충전소,서울특별시 마포구 성암로 179,10,0,AM900012;EP220314,2,다른 사업자(강한 의심),AM;EP
송파 와이즈더샵,서울특별시 송파구 위례광장로 270,2,0,AM900057;EP240096,2,다른 사업자(강한 의심),AM;EP
가오리 공영주차장,서울특별시 강북구 삼양로107길 30,0,1,BT000021;SE000224,2,다른 사업자(강한 의심),BT;SE
냉천길 공영주차장,서울특별시 강북구 삼양로 230-12,0,1,BT000083;SE000222,2,다른 사업자(강한 의심),BT;SE
선릉이스타빌,서울특별시 강남구 테헤란로52길 15,2,0,CCA00003;TDA00041,2,다른 사업자(강한 의심),CCA;TDA
독산자이하우스,서울특별시 금천구 독산로93길 21,1,0,CCA00004;TDA00039,2,다른 사업자(강한 의심),CCA;TDA
한국수출입은행,서울특별시 영등포구 은행로 38,2,0,CSCS1051;PI700564,2,다른 사업자(강한 의심),CSCS;PI
논현초교 공영주차장,서울특별시 강남구 강남대로120길 33,0,2,CV001306;SE000211,2,다른 사업자(강한 의심),CV;SE
도봉구청,서울특별시 도봉구 마들로 656,0,2,CV004481;ST601293,2,다른 사업자(강한 의심),CV;ST
어린이대공원 후문주차장,서울특별시 광진구 능동로 216,0,1,DO000057;SE000019,2,다른 사업자(강한 의심),DO;SE
북한산두산위브2차,서울특별시 서대문구 홍은중앙로1길 100,3,0,EC000062;LU100866,2,다른 사업자(강한 의심),EC;LU
LG가산디지털센터,서울특별시 금천구 가산디지털1로 189,4,0,EV001760;LU001993,2,다른 사업자(강한 의심),EV;LU
행복한백화점,서울특별시 양천구 목동동로 309,0,2,GO000082;ST114701,2,다른 사업자(강한 의심),GO;ST
마포유수지공영주차장,서울특별시 마포구 마포대로1길 9,0,6,HE240192;ST114420,2,다른 사업자(강한 의심),HE;ST
장영당길 공영주차장,서울특별시 동대문구 천호대로71길 29,0,2,HM001509;KP005815,2,다른 사업자(강한 의심),HM;KP
신길경남아파트,서울특별시 영등포구 영등포로 351,5,0,HU200026;L3000046,2,다른 사업자(강한 의심),HU;L
노량진우성아파트,서울특별시 동작구 만양로8길 50,10,0,IN120032;PI711674,2,다른 사업자(강한 의심),IN;PI
CNCITY 타워,서울특별시 강남구 도곡로 218CNCITY타워,1,0,IVSECNCT;NESECNCT,2,다른 사업자(강한 의심),IVSECNCT;NESECNCT
용산KCC스위첸,서울특별시 용산구 백범로 275,2,0,KL001185;LU101715,2,다른 사업자(강한 의심),KL;LU
정릉한일유앤아이아파트,서울특별시 성북구 보국문로37길 14-5,3,0,KL001927;PI803208,2,다른 사업자(강한 의심),KL;PI
아현아이파크아파트,서울특별시 마포구 마포대로 246,5,0,KL001960;PI700643,2,다른 사업자(강한 의심),KL;PI
강변래미안아파트,서울특별시 영등포구 버드나루로 130,5,0,KL002010;PI711627,2,다른 사업자(강한 의심),KL;PI
현대성우아파트,서울특별시 강북구 삼양로24길 19,3,0,KL002089;PI710783,2,다른 사업자(강한 의심),KL;PI
강남자곡힐스테이트,서울특별시 강남구 자곡로3길 21,21,0,LU003518;PI711602,2,다른 사업자(강한 의심),LU;PI
예성그린캐슬아파트,서울특별시 중랑구 용마산로112가길 34,5,0,LU004315;SF001244,2,다른 사업자(강한 의심),LU;SF
상계대림아파트,서울 노원구 동일로239길 68,3,0,LU100137;PL033126,2,다른 사업자(강한 의심),LU;PL
브라운스톤암사아파트,서울특별시 강동구 올림픽로92길 61,3,0,LU100331;PIH01182,2,다른 사업자(강한 의심),LU;PIH
남현우림루미아트,서울특별시 관악구 남현길 91,2,0,LU100483;PI708491,2,다른 사업자(강한 의심),LU;PI
갈현베르빌주상복합아파트,서울특별시 은평구 연서로 149,5,0,LU100687;PI751482,2,다른 사업자(강한 의심),LU;PI
HD현대오일뱅크 올림픽셀프주유소,서울특별시 송파구 위례성대로 188,0,1,OB000031;ST601472,2,다른 사업자(강한 의심),OB;ST
HD현대오일뱅크 강변현대주유소,서울특별시 용산구 원효로 9,0,1,OB000047;ST601467,2,다른 사업자(강한 의심),OB;ST
HD현대오일뱅크 북악셀프주유소,서울특별시 성북구 정릉로 218,0,1,OB000048;ST601469,2,다른 사업자(강한 의심),OB;ST
HD현대오일뱅크 하계주유소,서울특별시 노원구 노원로17길 29,0,1,OB000059;ST601473,2,다른 사업자(강한 의심),OB;ST
HD현대오일뱅크 신림LPG충전소,서울특별시 관악구 신림로 170,0,1,OB000068;ST601470,2,다른 사업자(강한 의심),OB;ST
에이스테크노타워1차,서울특별시 구로구 디지털로31길 38-9,3,0,OS300042;PI708629,2,다른 사업자(강한 의심),OS;PI
서울숲삼부아파트,서울특별시 성동구 왕십리로 280,12,0,PI001496;SF002098,2,다른 사업자(강한 의심),PI;SF
래미안장위포레카운티,서울특별시 성북구 장월로 160,10,0,PI762720;PL001023,2,다른 사업자(강한 의심),PI;PL
유원강변아파트,서울특별시 동작구 노량진로23가길 20,7,0,PI763499;PL003359,2,다른 사업자(강한 의심),PI;PL
송파건원여미지아파트,서울특별시 송파구 마천로35길 12,2,0,PIH00202;PL030900,2,다른 사업자(강한 의심),PIH;PL
금강케이씨씨아파트,서울특별시 광진구 아차산로36길 13,2,0,PIH00239;PL010934,2,다른 사업자(강한 의심),PIH;PL
만리산주거지전용주차장,부산광역시 부산진구 엄광로 491,0,1,ME22C1B6;ST600790,2,다른 사업자(강한 의심),ME;ST
국민건강보험공단 기장지사,부산광역시 기장군 기장읍 차성로 414,1,0,AZ100015;EZ100754,2,다른 사업자(강한 의심),AZ;EZ
부산 좌천 재래시장 노외공영주차장,부산광역시 기장군 장안읍 장곡길 178,1,0,BNBN0460;BNOB0504,2,다른 사업자(강한 의심),BNBN;BNOB
조은클래스(오피스텔),부산광역시 기장군 정관읍 정관로 590,10,0,CCL00001;TDL00005,2,다른 사업자(강한 의심),CCL;TDL
메가마트 기장점,부산광역시 기장군 일광읍 기장대로 673,0,6,KE001003;SZMA0001,2,다른 사업자(강한 의심),KE;SZMA
메가마트 동래점,부산광역시 동래구 충렬대로 197,0,14,KE001010;SZMA0004,2,다른 사업자(강한 의심),KE;SZMA
청학동한일유앤아이아파트,부산광역시 영도구 일산봉로 58,3,0,PI772664;PW013919,2,다른 사업자(강한 의심),PI;PW
동래봉생병원 장례식장,부산광역시 동래구 충렬대로348번길 23,1,0,SO000096;SOA43001,2,다른 사업자(강한 의심),SO;SOA
서재문화체육센터,대구광역시 달성군 다사읍 다사로 750,0,2,ME18C265;CV002150,2,다른 사업자(강한 의심),CV;ME
대청초등학교,대구광역시 수성구 교학로12길 42,1,0,AZ100013;EZ002299,2,다른 사업자(강한 의심),AZ;EZ
대구세강병원,대구광역시 달서구 구마로 220,8,0,AZ100017;YC100007,2,다른 사업자(강한 의심),AZ;YC
올인워크,대구광역시 동구 동부로30길 102-3,4,0,AZ100020;YC100015,2,다른 사업자(강한 의심),AZ;YC
모빌리티기술혁신센터,대구광역시 달성군 유가읍 테크노순환로 356,2,0,AZ100022;YC100008,2,다른 사업자(강한 의심),AZ;YC
송해공원골프클럽,대구광역시 달성군 옥포읍 옥포로 607,3,0,CCP00001;TDP00011,2,다른 사업자(강한 의심),CCP;TDP
대구역센트럴자이,대구광역시 중구 서성로 99,10,0,ER000384;HM000355,2,다른 사업자(강한 의심),ER;HM
수성하이츠,대구광역시 수성구 수성로 393,2,0,HE192131;LU000561,2,다른 사업자(강한 의심),HE;LU
수성영남타운,대구광역시 수성구 달구벌대로456길 43,5,0,HM000853;LU101015,2,다른 사업자(강한 의심),HM;LU
대실역태왕아너스,대구광역시 달성군 다사읍 대실역남로 11,9,0,HM001076;PI710697,2,다른 사업자(강한 의심),HM;PI
성서2차서한타운,대구광역시 달서구 선원로 122,10,0,HM001814;PL007817,2,다른 사업자(강한 의심),HM;PL
삼우그린타운,대구광역시 북구 매천로8길 35,12,0,PI306085;SF002645,2,다른 사업자(강한 의심),PI;SF
강변효성백년가약,대구광역시 남구 봉덕로 135,15,0,PW100498;TS272002,2,다른 사업자(강한 의심),PW;TS
월배역라온프라이빗,대구광역시 달서구 월배로33길 53,3,0,PW100986;PWE03650,2,다른 사업자(강한 의심),PW;PWE
인천백병원,인천광역시 제물포구 샛골로 214,2,0,AM900059;EC004634,2,다른 사업자(강한 의심),AM;EC
돌산마루1호 공영주차장,인천광역시 남동구 용천로176번길 70,0,2,BNKE0502;ST282010,2,다른 사업자(강한 의심),BNKE;ST
연희동남아파트,인천광역시 서해구 심곡로132번길 17,5,0,CU320006;HU320005,2,다른 사업자(강한 의심),CU;HU
일신주공아파트,인천광역시 부평구 항동로75번길 11,3,0,CV001381;PI708653,2,다른 사업자(강한 의심),CV;PI
조동초등학교_인천,인천광역시 남동구 백범로124번길 164,1,0,HU320013;L3280173,2,다른 사업자(강한 의심),HU;L
송도테크노파크IT센터,인천광역시 연수구 송도과학로 32,4,0,LU101614;PI751037,2,다른 사업자(강한 의심),LU;PI
검단2차풍림아이원아파트,인천광역시 검단구 완정로64번길 23,2,0,PI001716;PIH00814,2,다른 사업자(강한 의심),PI;PIH
월드메르디앙아파트,인천광역시 서해구 신석로 71,6,0,PI001728;PIH00285,2,다른 사업자(강한 의심),PI;PIH
인천 서구 청라웰카운티1차아파트,인천광역시 서해구 청라에메랄드로 156,22,1,PIS00391;PL032319,2,다른 사업자(강한 의심),PIS;PL
이안테라디움제물포 ,인천광역시 미추홀구 경인로 26,2,0,SO000067;SOA70001,2,다른 사업자(강한 의심),SO;SOA
대전추모공원,대전광역시 서구 상보안윗길 160,0,2,ME19B208;CV000904,2,다른 사업자(강한 의심),CV;ME
대전서부경찰서,대전광역시 서구 복수서로 47,0,2,ME22C254;KP005842,2,다른 사업자(강한 의심),KP;ME
디티비안더블유오피스텔,대전광역시 유성구 테크노3로 66,3,0,CV000475;JE090007,2,다른 사업자(강한 의심),CV;JE
한국수자원공사,대전광역시 대덕구 신탄진로 200,0,2,CV000890;KP005075,2,다른 사업자(강한 의심),CV;KP
대전제일교회,대전광역시 동구 대전로813번길 34,1,0,HU420006;L3000121,2,다른 사업자(강한 의심),HU;L
중구 안영동 제3공영,대전광역시 중구 성산로9번길 3중구 안영동 제3공영,2,0,IVDJAY3P;NEDJAY3P,2,다른 사업자(강한 의심),IVDJAY;NEDJAY
베니키아 테크노밸리 호텔,대전광역시 유성구 테크노중앙로 57지하2층,2,0,IVDJBKHT;NEDJBKHT,2,다른 사업자(강한 의심),IVDJBKHT;NEDJBKHT
비래동 143-7 공영주차장,대전광역시 대덕구 비래동 143-7,2,0,IVDJBRP1;NEDJBRP1,2,다른 사업자(강한 의심),IVDJBRP;NEDJBRP
비래동 128-10 공영주차장,대전광역시 대덕구 비래동로23번길 28공영주차장,2,0,IVDJBRP2;NEDJBRP2,2,다른 사업자(강한 의심),IVDJBRP;NEDJBRP
중구 대흥동 제5공영,대전광역시 중구 보문로230번길 35중구 대흥동 제5공영,2,0,IVDJDH5P;NEDJDH5P,2,다른 사업자(강한 의심),IVDJDH;NEDJDH
도룡동(하) 공영주차장,대전광역시 유성구 도룡동 395-10도룡동(하)공영주차장,2,1,IVDJDRDW;NEDJDRDW,2,다른 사업자(강한 의심),IVDJDRDW;NEDJDRDW
도룡동(상) 공영주차장,대전광역시 유성구 도룡동 385-1도룡동(상)공영주차장,2,1,IVDJDRUP;NEDJDRUP,2,다른 사업자(강한 의심),IVDJDRUP;NEDJDRUP
중구 대사동 제2공영,대전광역시 중구 보문산공원로497번안길 34중구 대사동 제2공영,2,1,IVDJDS2P;NEDJDS2P,2,다른 사업자(강한 의심),IVDJDS;NEDJDS
읍내동 575-5 공영주차장,대전광역시 대덕구 읍내동 575-5,2,0,IVDJENPP;NEDJENPP,2,다른 사업자(강한 의심),IVDJENPP;NEDJENPP
대전 엑스포 한빛탑 주차장,대전광역시 유성구 대덕대로 480엑스포 한빛탑 주차장,8,2,IVDJEXPO;NEDJEXPO,2,다른 사업자(강한 의심),IVDJEXPO;NEDJEXPO
파머스마켓,대전광역시 유성구 도안대로 93파머스마켓 베지래빗804,3,0,IVDJFMMK;NEDJFMMK,2,다른 사업자(강한 의심),IVDJFMMK;NEDJFMMK
가온비즈타워,대전광역시 대덕구 대화로 1201,12,1,IVDJGAON;NEDJGAON,2,다른 사업자(강한 의심),IVDJGAON;NEDJGAON
정려각 공영주차장,대전광역시 대덕구 중리동 498-2정려각 공영주차장,2,0,IVDJJRGP;NEDJJRGP,2,다른 사업자(강한 의심),IVDJJRGP;NEDJJRGP
대전보건대학교,대전광역시 동구 충정로 21탐구관 지하주차장 1층,4,0,IVDJNBOG;NEDJNBOG,2,다른 사업자(강한 의심),IVDJNBOG;NEDJNBOG
대전광역시 유성구 봉산동299 공영주차장,대전광역시 유성구 봉산동299 공영주차장,2,0,IVDJNBON;NEDJNBON,2,다른 사업자(강한 의심),IVDJNBON;NEDJNBON
반석동 제1공영주차장,대전광역시 유성구 반석동 641반석동 제1공영주차장,2,0,IVDJNBS1;NEDJNBS1,2,다른 사업자(강한 의심),IVDJNBS;NEDJNBS
반석동714 공영주차장,대전광역시 유성구 반석동 714공영주차장,2,0,IVDJNBS7;NEDJNBS7,2,다른 사업자(강한 의심),IVDJNBS;NEDJNBS
대전광역시 중앙시장 제3공영주차장,대전광역시 동구 대전로797번길 27제3공영주차장빌딩 2~4층,8,1,IVDJNCEN;NEDJNCEN,2,다른 사업자(강한 의심),IVDJNCEN;NEDJNCEN
한촌공원 공영주차장,대전광역시 대덕구 한밭대로1114번길 34-8한촌공원 공영주차장,2,0,IVDJNCHO;NEDJNCHO,2,다른 사업자(강한 의심),IVDJNCHO;NEDJNCHO
CNCITY에너지 본사,대전광역시 중구 유등천동로 762,4,0,IVDJNCNC;NEDJNCNC,2,다른 사업자(강한 의심),IVDJNCNC;NEDJNCNC
한국침례신학대학교,대전광역시 유성구 하기동 산15-6 침례신학대학교,4,0,IVDJNCRU;NEDJNCRU,2,다른 사업자(강한 의심),IVDJNCRU;NEDJNCRU
대전광역시 유성구 덕명동 513 공영주차장,대전광역시 유성구 덕명동 513공영주차장,2,0,IVDJNDM1;NEDJNDM1,2,다른 사업자(강한 의심),IVDJNDM;NEDJNDM
구암동657 공영주차장,대전광역시 유성구 구암동 657공영주차장,2,0,IVDJNDM2;NEDJNDM2,2,다른 사업자(강한 의심),IVDJNDM;NEDJNDM
대전광역시 유성구 덕명동 544 공영주차장,대전광역시 유성구 덕명동 544공영주차장,2,0,IVDJNDM4;NEDJNDM4,2,다른 사업자(강한 의심),IVDJNDM;NEDJNDM
대전광역시 유성구 덕명동530 공영주차장,대전광역시 유성구 덕명동 530공영주차장,2,0,IVDJNDM6;NEDJNDM6,2,다른 사업자(강한 의심),IVDJNDM;NEDJNDM
동춘당생애길 제2공영주차장,대전광역시 대덕구 계족산로 20동춘당생애길 제2공영주차장,2,1,IVDJNDON;NEDJNDON,2,다른 사업자(강한 의심),IVDJNDON;NEDJNDON
대전광역시 유성구 덕명동545 공영주차장,대전광역시 유성구 덕명동545공영주차장,2,0,IVDJNDU1;NEDJNDU1,2,다른 사업자(강한 의심),IVDJNDU;NEDJNDU
대전광역시 유성구 덕명동588 공영주차장,대전광역시 유성구 덕명동588 공영주차장,2,1,IVDJNDU2;NEDJNDU2,2,다른 사업자(강한 의심),IVDJNDU;NEDJNDU
대전동부 모범운전자쉼터(택시),대전광역시 동구 동산초교로23번길 41-18운전자쉼터 주차장,2,0,IVDJNEAS;NEDJNEAS,2,다른 사업자(강한 의심),IVDJNEAS;NEDJNEAS
길치문화공원 공영주차장,대전광역시 대덕구 신상로 65길치문화공원 공영주차장,4,1,IVDJNGIL;NEDJNGIL,2,다른 사업자(강한 의심),IVDJNGIL;NEDJNGIL
대전광역시 유성구 관평동 제3공영주차장,대전광역시 유성구 관평동 788관평동 제3공영주차장,2,0,IVDJNGP3;NEDJNGP3,2,다른 사업자(강한 의심),IVDJNGP;NEDJNGP
학하지구 제11공영주차장,대전광역시 유성구 학하동 721-12학하지구 제11공영주차장,2,0,IVDJNH11;NEDJNH11,2,다른 사업자(강한 의심),IVDJNH;NEDJNH
학하지구 제12공영주차장,대전광역시 유성구 계산동 717-3학하지구 제12공영주차장,2,0,IVDJNH12;NEDJNH12,2,다른 사업자(강한 의심),IVDJNH;NEDJNH
학하지구 제13공영주차장,대전광역시 유성구 복용동 585-1학하지구 제13공영주차장,2,0,IVDJNH13;NEDJNH13,2,다른 사업자(강한 의심),IVDJNH;NEDJNH
학하지구 제14공영주차장,대전광역시 유성구 복용동 569-1학하지구 제14공영주차장,2,0,IVDJNH14;NEDJNH14,2,다른 사업자(강한 의심),IVDJNH;NEDJNH
학하지구 제2공영주차장,대전광역시 유성구 복용동 604-1학하지구 제2공영주차장,2,0,IVDJNHA2;NEDJNHA2,2,다른 사업자(강한 의심),IVDJNHA;NEDJNHA
학하지구 제3공영주차장,대전광역시 유성구 학하동 714-9학하지구 제3공영주차장,2,0,IVDJNHA3;NEDJNHA3,2,다른 사업자(강한 의심),IVDJNHA;NEDJNHA
학하지구 제4공영주차장,대전광역시 유성구 학하동 721-1학하지구 제4공영주차장,2,1,IVDJNHA4;NEDJNHA4,2,다른 사업자(강한 의심),IVDJNHA;NEDJNHA
학하지구 제5공영주차장,대전광역시 유성구 덕명동 595학하지구 제5공영주차장,2,0,IVDJNHA5;NEDJNHA5,2,다른 사업자(강한 의심),IVDJNHA;NEDJNHA
학하지구 제6공영주차장,대전광역시 유성구 계산동 758-7학하지구 제6공영주차장,2,0,IVDJNHA6;NEDJNHA6,2,다른 사업자(강한 의심),IVDJNHA;NEDJNHA
학하지구 제7공영주차장,대전광역시 유성구 학하동 747-1학하지구 제7공영주차장,2,1,IVDJNHA7;NEDJNHA7,2,다른 사업자(강한 의심),IVDJNHA;NEDJNHA
학하지구 제8공영주차장,대전광역시 유성구 학하동 778-2학하지구 제8공영주차장,2,1,IVDJNHA8;NEDJNHA8,2,다른 사업자(강한 의심),IVDJNHA;NEDJNHA
중리행복1길 공영주차장,대전광역시 대덕구 중리동 196-10중리행복1길 공영주차장,2,0,IVDJNHAP;NEDJNHAP,2,다른 사업자(강한 의심),IVDJNHAP;NEDJNHAP
대전열병합발전 사옥,대전광역시 대덕구 신일동 1675-5대전열병합발전 사옥,1,0,IVDJNHEA;NEDJNHEA,2,다른 사업자(강한 의심),IVDJNHEA;NEDJNHEA
회덕동 공영주차장,대전광역시 대덕구 읍내동 247-3회덕동 공영주차장,2,0,IVDJNHWE;NEDJNHWE,2,다른 사업자(강한 의심),IVDJNHWE;NEDJNHWE
대전광역시 유성구 장대동 공영주차장,대전광역시 유성구 유성대로729번길 40장대동공영주차장,5,0,IVDJNJAN;NEDJNJAN,2,다른 사업자(강한 의심),IVDJNJAN;NEDJNJAN
자양동 공영주차장빌딩,대전광역시 동구 동대전로144번길 63공영주차장빌딩 1층,2,1,IVDJNJAY;NEDJNJAY,2,다른 사업자(강한 의심),IVDJNJAY;NEDJNJAY
대전광역시 유성구 전민동 행정복지센터,대전광역시 유성구 유성대로1689번길 6전민동행정복지센터 주차장,2,0,IVDJNJEA;NEDJNJEA,2,다른 사업자(강한 의심),IVDJNJEA;NEDJNJEA
송촌동 진가쟁이 공영주차장,대전광역시 대덕구 선비마을로5번길 24송촌동 진가쟁이 공영주차,2,0,IVDJNJIN;NEDJNJIN,2,다른 사업자(강한 의심),IVDJNJIN;NEDJNJIN
중리 만남 공영주차장,대전광역시 대덕구 중리남로8번길 4중리 만남 공영주차장,1,0,IVDJNJLM;NEDJNJLM,2,다른 사업자(강한 의심),IVDJNJLM;NEDJNJLM
전민동 제1공영주차장,대전광역시 유성구 전민동 332-6전민동 제1공영주차장,2,0,IVDJNJM1;NEDJNJM1,2,다른 사업자(강한 의심),IVDJNJM;NEDJNJM
전민동 제2공영주차장,대전광역시 유성구 전민동 346-3전민동 제2공영주차장,2,0,IVDJNJM2;NEDJNJM2,2,다른 사업자(강한 의심),IVDJNJM;NEDJNJM
대전광역시 유성구 죽동 공영주차장,대전광역시 유성구 북유성대로 172죽동 공영주차장 2~3층,6,1,IVDJNJUK;NEDJNJUK,2,다른 사업자(강한 의심),IVDJNJUK;NEDJNJUK
구암동677 공영주차장,대전광역시 유성구 구암동 677공영주차장,2,0,IVDJNKO6;NEDJNKO6,2,다른 사업자(강한 의심),IVDJNKO;NEDJNKO
중리구봉 공영주차장,대전광역시 대덕구 중리동 164-5중리구봉 공영주차장,2,0,IVDJNKOO;NEDJNKOO,2,다른 사업자(강한 의심),IVDJNKOO;NEDJNKOO
교촌동636-1 공영주차장,대전광역시 유성구 교촌동 636-1교촌동636-1 공영주차장,2,0,IVDJNKY6;NEDJNKY6,2,다른 사업자(강한 의심),IVDJNKY;NEDJNKY
금강로하스 산호빛공원 공영주차장,대전광역시 대덕구 대덕대로1527번길 200금강로하스 산호빛공원 공영주차장,2,0,IVDJNLOA;NEDJNLOA,2,다른 사업자(강한 의심),IVDJNLOA;NEDJNLOA
대덕산업단지 공영주차장(문평동),대전광역시 대덕구 문평동로 16공영주차장,2,1,IVDJNMON;NEDJNMON,2,다른 사업자(강한 의심),IVDJNMON;NEDJNMON
대덕구 산중골 공영주차장(읍내동),대전광역시 대덕구 계족로740번길 114공영주차장,2,1,IVDJNMOU;NEDJNMOU,2,다른 사업자(강한 의심),IVDJNMOU;NEDJNMOU
한국폴리텍대학 대전캠퍼스 주차장,대전광역시 동구 우암로 352-21가람관 앞 주차장,2,0,IVDJNPOL;NEDJNPOL,2,다른 사업자(강한 의심),IVDJNPOL;NEDJNPOL
대전광역시 유성구 신성동 제1공영주차장,대전광역시 유성구 신성동 137-2제1공영주차장,2,0,IVDJNSI1;NEDJNSI1,2,다른 사업자(강한 의심),IVDJNSI;NEDJNSI
대전광역시 유성구 신성동 제2공영주차장,대전광역시 유성구 신성동211-2제2공영주차장,3,0,IVDJNSIN;NEDJNSIN,2,다른 사업자(강한 의심),IVDJNSIN;NEDJNSIN
신탄진 공영주차장,대전광역시 대덕구 신탄진로810번길 19신탄진 공영주차장,2,0,IVDJNSIT;NEDJNSIT,2,다른 사업자(강한 의심),IVDJNSIT;NEDJNSIT
대전광역시 유성구 송강동(GS) 공영주차장,대전광역시 유성구 구즉로58번길 15-12송강동(GS) 공영주차장,2,0,IVDJNSO1;NEDJNSO1,2,다른 사업자(강한 의심),IVDJNSO;NEDJNSO
대전광역시 유성구 송강동(프라자) 공영주차장,대전광역시 유성구 봉산로 27공영주차장,3,0,IVDJNSO2;NEDJNSO2,2,다른 사업자(강한 의심),IVDJNSO;NEDJNSO
송촌 공영 주차장,대전광역시 대덕구 송촌동 478-1송촌 공영 주차장,2,0,IVDJNSO3;NEDJNSO3,2,다른 사업자(강한 의심),IVDJNSO;NEDJNSO
송촌 먹자골목 공영주차장,대전광역시 대덕구 송촌북로20번길 27-14송촌 먹자골목 공영주차장,2,1,IVDJNSO4;NEDJNSO4,2,다른 사업자(강한 의심),IVDJNSO;NEDJNSO
송촌대양 공영주차장,대전광역시 대덕구 계족산로36번길 70송촌대양 공영주차장,2,0,IVDJNSON;NEDJNSON,2,다른 사업자(강한 의심),IVDJNSON;NEDJNSON
대전광역시 유성구 수통골 공영주차장,대전광역시 유성구 수통골로 37공영주차장,6,1,IVDJNSOO;NEDJNSOO,2,다른 사업자(강한 의심),IVDJNSOO;NEDJNSOO
유성 종합스포츠센터,대전광역시 유성구 신성동352-5스포츠센터 주차장,2,0,IVDJNSPO;NEDJNSPO,2,다른 사업자(강한 의심),IVDJNSPO;NEDJNSPO
대전광역시 유성구 원내동 공영주차장,대전광역시 유성구 진잠로66번길 45공영주차장,4,1,IVDJNWON;NEDJNWON,2,다른 사업자(강한 의심),IVDJNWON;NEDJNWON
대전광역시 유성구 유성IC 만남의광장,대전광역시 유성구 월드컵대로 31공영주차장,9,1,IVDJNYIC;NEDJNYIC,2,다른 사업자(강한 의심),IVDJNYIC;NEDJNYIC
용산동624 공영주차장,대전광역시 유성구 용산동624공영주차장,2,0,IVDJNYS6;NEDJNYS6,2,다른 사업자(강한 의심),IVDJNYS;NEDJNYS
유한킴벌리 대전공장,대전광역시 대덕구 문평동 41-1 유한킴벌리(주)대전공장,10,0,IVDJNYUH;NEDJNYUH,2,다른 사업자(강한 의심),IVDJNYUH;NEDJNYUH
옥토빌딩,대전광역시 유성구 대덕대로 582지하 2층,1,0,IVDJOKTO;NEDJOKTO,2,다른 사업자(강한 의심),IVDJOKTO;NEDJOKTO
중구 선화동 제2공영,대전광역시 중구 대종로517번길 48중구 선화동 제2공영,2,0,IVDJSH2P;NEDJSH2P,2,다른 사업자(강한 의심),IVDJSH;NEDJSH
중구 선화동 제5공영,대전광역시 중구 중앙로79번길 63중구 선화동 제5공영,2,0,IVDJSH5P;NEDJSH5P,2,다른 사업자(강한 의심),IVDJSH;NEDJSH
석교동제4노외공영주차장,대전광역시 중구 석교동 61-7중구 석교동 제4노외공영주차장,2,0,IVDJSKPP;NEDJSKPP,2,다른 사업자(강한 의심),IVDJSKPP;NEDJSKPP
우송정보대학교,대전광역시 동구 백룡로57번길 27주차장,3,0,IVDJWSNG;NEDJWSNG,2,다른 사업자(강한 의심),IVDJWSNG;NEDJWSNG
대전광역시 유성구 관평동 제1공영주차장,대전광역시 유성구 관평동 1175제1공영주차장,2,1,IVGWANP1;NEGWANP1,2,다른 사업자(강한 의심),IVGWANP;NEGWANP
대전광역시 유성구 관평동 제2공영주차장,대전광역시 유성구 관평동 734제2공영주차장,2,0,IVGWANP2;NEGWANP2,2,다른 사업자(강한 의심),IVGWANP;NEGWANP
대전광역시 유성구 관평동 제4공영주차장,대전광역시 유성구 관평동 932제4공영주차장,2,0,IVGWANP4;NEGWANP4,2,다른 사업자(강한 의심),IVGWANP;NEGWANP
대전광역시 유성구 관평동 제5공영주차장,대전광역시 유성구 관평동 1052제5공영주차장,2,1,IVGWANP5;NEGWANP5,2,다른 사업자(강한 의심),IVGWANP;NEGWANP
맑은아침아파트,대전광역시 서구 갈마로 262,5,0,LU000455;PW100954,2,다른 사업자(강한 의심),LU;PW
효성삼환아파트,울산광역시 북구 통샘10길 9,17,0,HE240518;LU101089,2,다른 사업자(강한 의심),HE;LU
유곡e편한세상,울산광역시 중구 평동3길 2,11,0,HM000413;LU001223,2,다른 사업자(강한 의심),HM;LU
메가마트 언양점,울산광역시 울주군 삼남읍 반구대로 612,0,6,KE001004;SZMA0005,2,다른 사업자(강한 의심),KE;SZMA
메가마트 울산점,울산광역시 북구 진장17길 10,0,18,KE001008;SZMA0006,2,다른 사업자(강한 의심),KE;SZMA
푸른마을공동체센터,전남광주통합특별시 동구 동명로67번길 29,2,0,SO000075;SOA24001,2,다른 사업자(강한 의심),SO;SOA
ST174 쥬네센트로,전남광주통합특별시 동구 동명로 51,2,0,SO000118;SOA19001,2,다른 사업자(강한 의심),SO;SOA
풍암호수공원 공영주차장,전남광주통합특별시 서구 풍암동 491-5,0,4,ME25B407;ST291425,2,다른 사업자(강한 의심),ME;ST
효죽공영주차장,전남광주통합특별시 북구 용봉로138번길 11,0,2,ME19B203;ST291733,2,다른 사업자(강한 의심),ME;ST
일곡금호타운아파트,전남광주통합특별시 북구 설죽로 560,5,0,HE202674;PL033430,2,다른 사업자(강한 의심),HE;PL
인천 송현동 솔빛마을주공1차,인천광역시 제물포구 송현로 50,6,0,HY000631;HY000632;HY000634;HY000635;HY000636;HY000637,6,동일 사업자(약한 의심),HY
부산정관도서관,부산광역시 기장군 정관읍 방곡리 442 소두방공원관리동,1,0,BNOH4001;BNOH4002;BNOH4003;BNOH4004,4,동일 사업자(약한 의심),BNOH
대구 지산동서맨션,대구광역시 수성구 지산로 56,2,0,HY000740;HY000741;HY000742;HY000743,4,동일 사업자(약한 의심),HY
울산 서부성원상떼빌,울산광역시 동구 봉수로 450,4,0,HY000693;HY000696;HY000697;HY000698,4,동일 사업자(약한 의심),HY
지식산업센터,전남광주통합특별시 북구 첨단연신로 284,0,1,MVMV0003;MVMV0004;MVMV0005;MVMV0006,4,동일 사업자(약한 의심),MVMV
서울교통공사 본사(시민개방 충전소),서울특별시 성동구 용답동 223-13,0,2,CG000020;CG000021;CG000022,3,동일 사업자(약한 의심),CG
반포르엘아파트,서울특별시 서초구 신반포로23길 23,6,0,ER000329;ER000330;ER000333,3,동일 사업자(약한 의심),ER
성동 아크로서울포레스트,서울특별시 성동구 왕십리로 83-21,4,0,HY000761;HY000763;HY000828,3,동일 사업자(약한 의심),HY
성동 아크로서울포레스트,서울특별시 성동구 왕십리로 83-21,5,0,HY000762;HY000764;HY000829,3,동일 사업자(약한 의심),HY
노원 월계동풍림아이원,서울특별시 노원구 화랑로47길 38,3,0,HY000965;HY000966;HY000967,3,동일 사업자(약한 의심),HY
제일풍경채센트럴,대구광역시 달성군 유가읍 테크노대로 165,9,0,ER000292;ER000293;ER000295,3,동일 사업자(약한 의심),ER
대구 월성푸르지오,대구광역시 달서구 조암로6길 20,3,0,HY000440;HY000442;HY000443,3,동일 사업자(약한 의심),HY
대구 화원역 태왕리더스,대구광역시 달성군 화원읍 화원로3길 66,2,0,HY000648;HY000649;HY000650,3,동일 사업자(약한 의심),HY
송도더샵그린스퀘어 T16기둥,인천광역시 연수구 송도문화로28번길 81,4,0,IM000201;IM000202;IM000203,3,동일 사업자(약한 의심),IM
송도더샵그린스퀘어 I25기둥,인천광역시 연수구 송도문화로28번길 81,3,0,IM000213;IM000214;IM000215,3,동일 사업자(약한 의심),IM
울산 서부성원상떼빌,울산광역시 동구 봉수로 450,3,0,HY000694;HY000695;HY000699,3,동일 사업자(약한 의심),HY
마곡엠밸리8단지 807동 B2,서울특별시 강서구 마곡서1로 81,3,0,EC000699;EC000700,2,동일 사업자(약한 의심),EC
도봉엠플럼오피스텔 지하주차장,서울특별시 도봉구 도봉로180길 38,1,0,EC003578;EC003579,2,동일 사업자(약한 의심),EC
월곡래미안루나벨리 111동,서울특별시 성북구 월곡로14길 26,3,0,EC110066;EC110067,2,동일 사업자(약한 의심),EC
신길센트럴아이파크APT,서울특별시 영등포구 가마산로 426,6,0,ER000275;ER000276,2,동일 사업자(약한 의심),ER
반포르엘아파트,서울특별시 서초구 신반포로23길 23,3,0,ER000332;ER000334,2,동일 사업자(약한 의심),ER
서울가든빌라,서울특별시 구로구 경인로 83,1,0,HE000784;HE240458,2,동일 사업자(약한 의심),HE
서울숲한진타운아파트,서울특별시 성동구 뚝섬로 310,3,0,HE212779;HE240404,2,동일 사업자(약한 의심),HE
서초현대ESA2아파트,서울특별시 서초구 반포대로 122,3,0,HE212791;HE240515,2,동일 사업자(약한 의심),HE
노원 한신은빛2단지,서울특별시 노원구 동일로245가길 41,5,0,HY000627;HY000629,2,동일 사업자(약한 의심),HY
성동 아크로서울포레스트,서울특별시 성동구 왕십리로 83-21,4,1,HY000826;HY000827,2,동일 사업자(약한 의심),HY
디큐브 링크아트센터,서울특별시 구로구 경인로 662,5,0,HY000771;HY000772,2,동일 사업자(약한 의심),HY
대륭포스트타워2차,서울특별시 구로구 디지털로 306,4,0,LU002654;LU002690,2,동일 사업자(약한 의심),LU
보문아이파크아파트,서울특별시 성북구 지봉로21길 19,5,0,LU000482;LU003837,2,동일 사업자(약한 의심),LU
래미안 원베일리,서울 서초구 반포대로 333,100,0,PL032708;PL932708,2,동일 사업자(약한 의심),PL
브라운스톤서울오피스텔,서울특별시 중구 청파로 464,3,0,PW000545;PW100202,2,동일 사업자(약한 의심),PW
숭실대학교 중앙도서관,서울특별시 동작구 상도로 369,0,2,SOEUC001;SOEUC002,2,동일 사업자(약한 의심),SOEUC
동호운수(응봉근린공원),서울특별시 성동구 금호산15길 17-1,0,2,SZBA0060;SZBA0081,2,동일 사업자(약한 의심),SZBA
장안(울산) 휴게소,부산광역시 기장군 장안읍 동해고속도로 26,0,1,ME19D111;ME21D011,2,동일 사업자(약한 의심),ME
센텀SK뷰아파트 P4주차장 109동 B1 64기둥,부산광역시 해운대구 삼어로 55,3,0,EC000982;EC000983,2,동일 사업자(약한 의심),EC
정관이지더원3차 314동,부산광역시 기장군 정관읍 정관로 350,3,0,EC002027;EC002547,2,동일 사업자(약한 의심),EC
개금아이파크 206동 B2,부산광역시 부산진구 복지로 70,6,0,EC004136;EC004137,2,동일 사업자(약한 의심),EC
개금아이파크 218동 B2,부산광역시 부산진구 복지로 70,6,0,EC004140;EC004141,2,동일 사업자(약한 의심),EC
부산동구 범양레우스센트럴베이아파트 1,부산 동구 초량중로 114,3,0,EV018445;EV018446,2,동일 사업자(약한 의심),EV
부산 해운대상록아파트,부산광역시 해운대구 세실로 7,10,0,HY000794;HY000795,2,동일 사업자(약한 의심),HY
동래대우아파트,부산광역시 동래구 충렬대로140번길 32,5,0,LU000416;LU000417,2,동일 사업자(약한 의심),LU
우성스마트시티오피스텔,부산광역시 기장군 정관읍 정관6로 3,1,0,PI001748;PI001808,2,동일 사업자(약한 의심),PI
리벨루스부산성지아파트,부산광역시 금정구 명서로 94,5,0,PL000295;PL006423,2,동일 사업자(약한 의심),PL
해운대푸르지오시티,부산광역시 해운대구 해운대해변로298번길 29,4,0,PW001149;PW100087,2,동일 사업자(약한 의심),PW
경보아파트입주자대표회의,부산광역시 금정구 금단로 33,2,0,PW011834;PW013022,2,동일 사업자(약한 의심),PW
군위(춘천) 휴게소,대구광역시 군위군 군위읍 경북대로 4082,0,2,ME18C229;ME21B262,2,동일 사업자(약한 의심),ME
대구 동대구푸르지오브리센트_109동,대구광역시 동구 효목로5길 55,4,0,CGP00015;CGP00018,2,동일 사업자(약한 의심),CGP
대구 동대구푸르지오브리센트_110동,대구광역시 동구 효목로5길 55,4,0,CGP00016;CGP00019,2,동일 사업자(약한 의심),CGP
만촌자이르네,대구광역시 수성구 교학로19길 19,6,0,DC530002;DC530003,2,동일 사업자(약한 의심),DC
대구 월성푸르지오,대구광역시 달서구 조암로6길 20,2,0,HY000439;HY000441,2,동일 사업자(약한 의심),HY
대구 칠곡한서타운,대구광역시 북구 동암로7길 39,3,0,HY000506;HY000507,2,동일 사업자(약한 의심),HY
대구 월배아이파크1차,대구광역시 달서구 조암남로 182,3,0,HY001085;HY001086,2,동일 사업자(약한 의심),HY
한실들마을 2차,대구광역시 달서구 한실로 49,8,0,LU000742;LU003073,2,동일 사업자(약한 의심),LU
두산위브더제니스,대구광역시 수성구 달구벌대로 2435,2,0,PI067893;PI740396,2,동일 사업자(약한 의심),PI
동화마을 공영주차장,인천광역시 제물포구 송월동2가 4,0,1,ME19A162;ME22C1C4,2,동일 사업자(약한 의심),ME
국립생물자원관,인천광역시 검단구 환경로 42,0,1,ME19A167;ME25A152,2,동일 사업자(약한 의심),ME
인천환경공단 가좌사업소,인천광역시 서해구 중봉대로211,0,2,ME19A259;ME24B209,2,동일 사업자(약한 의심),ME
모도리 공영주차장,인천광역시 옹진군 북도면 모도로 124,0,1,CU950003;CU950004,2,동일 사업자(약한 의심),CU
부평아이파크오피스텔,인천광역시 부평구 길주로364번길 9,0,1,EC280157;EC280158,2,동일 사업자(약한 의심),EC
송도웰카운티1단지아파트,인천광역시 연수구 해송로 143,4,0,ER000195;ER000196,2,동일 사업자(약한 의심),ER
한국생산기술연구원,인천광역시 연수구 갯벌로 156,1,0,HE192208;HE240524,2,동일 사업자(약한 의심),HE
현대프리미엄아울렛 송도점,인천광역시 연수구 송도국제대로 123,11,0,HY000985;HY000986,2,동일 사업자(약한 의심),HY
송도더샵그린스퀘어 M23기둥,인천광역시 연수구 송도문화로28번길 81,4,0,IM000219;IM000223,2,동일 사업자(약한 의심),IM
아름다운타워,인천광역시 남동구 논고개로 101 (논현동),3,0,L3002573;L3002574,2,동일 사업자(약한 의심),L
동원로얄듀크아파트,인천광역시 영종구 하늘중앙로 272,3,0,LU001633;LU004304,2,동일 사업자(약한 의심),LU
청라골드클래스아파트,인천광역시 서해구 청라사파이어로 158,6,0,PL000128;PL009234,2,동일 사업자(약한 의심),PL
청라29블럭호반베르디움-489동,인천광역시 서해구 청라커낼로 163,3,0,PW001273;PW001278,2,동일 사업자(약한 의심),PW
스마트뷰아파트,대전광역시 동구 성남로 15,10,0,PW010621;PW100635,2,동일 사업자(약한 의심),PW
울산과학기술원,울산광역시 울주군 언양읍 유니스트길 50,0,2,ME19E218;ME19Z210,2,동일 사업자(약한 의심),ME
무거위브자이 B2 101동,울산광역시 남구 북부순환도로 35,3,0,EC002018;EC002020,2,동일 사업자(약한 의심),EC
울산 서부성원상떼빌,울산광역시 동구 봉수로 450,5,0,HY000809;HY000810,2,동일 사업자(약한 의심),HY
나인파크삼산오피스텔,울산광역시 남구 화합로 162,6,0,PL005115;PL011548,2,동일 사업자(약한 의심),PL
화정2동금호타운 104동,전남광주통합특별시 서구 화운로23번길 7-8,2,0,IM000245;IM000246,2,동일 사업자(약한 의심),IM
화정대주피오레아파트,전남광주통합특별시 서구 화정로 126,9,0,PL005431;PL009616,2,동일 사업자(약한 의심),PL
봉선금호타운1차아파트,전남광주통합특별시 남구 봉선로133번길 4,6,0,PL005117;PL009900,2,동일 사업자(약한 의심),PL
광주 상수도북부사업소,전남광주통합특별시 북구 용봉로 111,1,0,HE000775;HE240487,2,동일 사업자(약한 의심),HE
문흥현대2차아파트,전남광주통합특별시 북구 대천로 195,15,0,PL000235;PL010077,2,동일 사업자(약한 의심),PL
신창2차부영아파트,전남광주통합특별시 광산구 신창로71번길 33,18,0,PL000496;PL010471,2,동일 사업자(약한 의심),PL
