station_name,address,slow_count,fast_count,n_ids,station_ids,최종판단,maker_match,makers,capacity_match,kw_detail,confidence,prefixes,operator_year_match,operator_detail,years
CNCITY 타워,서울특별시 강남구 도곡로 218CNCITY타워,1,0,2,IVSECNCT;NESECNCT,가능성 높음,동일,에바;에바,동일,IVSECNCT:[7.0] | NESECNCT:[7.0],다른 사업자(강한 의심),IVSECNCT;NESECNCT,다름,"IVSECNCT:bnm=['인큐버스'],busiNm=['인큐버스'],year=['2024'],maker=['에바'] | NESECNCT:bnm=['에너넷'],busiNm=['인큐버스'],year=['2024'],maker=['에바']",2024;2024
CNCITY에너지 본사,대전광역시 중구 유등천동로 762,4,0,2,IVDJNCNC;NEDJNCNC,가능성 높음,동일,에바;에바,동일,"IVDJNCNC:[7.0, 7.0, 7.0, 7.0] | NEDJNCNC:[7.0, 7.0, 7.0, 7.0]",다른 사업자(강한 의심),IVDJNCNC;NEDJNCNC,다름,"IVDJNCNC:bnm=['인큐버스'],busiNm=['인큐버스'],year=['2022'],maker=['에바'] | NEDJNCNC:bnm=['에너넷'],busiNm=['인큐버스'],year=['2022'],maker=['에바']",2022;2022
HD현대오일뱅크 강변현대주유소,서울특별시 용산구 원효로 9,0,1,2,OB000047;ST601467,가능성 높음,동일,클린일렉스;클린일렉스,동일,OB000047:[200.0] | ST601467:[200.0],다른 사업자(강한 의심),OB;ST,다름,"OB000047:bnm=['현대오일뱅크'],busiNm=['HD현대오일뱅크'],year=['2024'],maker=['클린일렉스'] | ST601467:bnm=['SK일렉링크'],busiNm=['SK일렉링크'],year=['2025'],maker=['클린일렉스']",2024;2025
HD현대오일뱅크 북악셀프주유소,서울특별시 성북구 정릉로 218,0,1,2,OB000048;ST601469,가능성 높음,동일,클린일렉스;클린일렉스,동일,OB000048:[200.0] | ST601469:[200.0],다른 사업자(강한 의심),OB;ST,다름,"OB000048:bnm=['현대오일뱅크'],busiNm=['HD현대오일뱅크'],year=['2024'],maker=['클린일렉스'] | ST601469:bnm=['SK일렉링크'],busiNm=['SK일렉링크'],year=['2025'],maker=['클린일렉스']",2024;2025
HD현대오일뱅크 신림LPG충전소,서울특별시 관악구 신림로 170,0,1,2,OB000068;ST601470,가능성 높음,동일,클린일렉스;클린일렉스,동일,OB000068:[200.0] | ST601470:[200.0],다른 사업자(강한 의심),OB;ST,다름,"OB000068:bnm=['현대오일뱅크'],busiNm=['HD현대오일뱅크'],year=['2024'],maker=['클린일렉스'] | ST601470:bnm=['SK일렉링크'],busiNm=['SK일렉링크'],year=['2025'],maker=['클린일렉스']",2024;2025
HD현대오일뱅크 올림픽셀프주유소,서울특별시 송파구 위례성대로 188,0,1,2,OB000031;ST601472,가능성 높음,동일,클린일렉스;클린일렉스,동일,OB000031:[200.0] | ST601472:[200.0],다른 사업자(강한 의심),OB;ST,다름,"OB000031:bnm=['현대오일뱅크'],busiNm=['HD현대오일뱅크'],year=['2024'],maker=['클린일렉스'] | ST601472:bnm=['SK일렉링크'],busiNm=['SK일렉링크'],year=['2025'],maker=['클린일렉스']",2024;2025
HD현대오일뱅크 하계주유소,서울특별시 노원구 노원로17길 29,0,1,2,OB000059;ST601473,가능성 높음,동일,클린일렉스;클린일렉스,동일,OB000059:[200.0] | ST601473:[200.0],다른 사업자(강한 의심),OB;ST,다름,"OB000059:bnm=['현대오일뱅크'],busiNm=['HD현대오일뱅크'],year=['2024'],maker=['클린일렉스'] | ST601473:bnm=['SK일렉링크'],busiNm=['SK일렉링크'],year=['2025'],maker=['클린일렉스']",2024;2025
가온비즈타워,대전광역시 대덕구 대화로 1201,12,1,2,IVDJGAON;NEDJGAON,가능성 높음,동일,에바;에바,동일,"IVDJGAON:[7.0, 7.0, 7.0, 7.0, 7.0, 7.0, 7.0, 7.0, 7.0, 7.0, 7.0, 7.0, 100.0] | NEDJGAON:[7.0, 7.0, 7.0, 7.0, 7.0, 7.0, 7.0, 7.0, 7.0, 7.0, 7.0, 7.0, 100.0]",다른 사업자(강한 의심),IVDJGAON;NEDJGAON,다름,"IVDJGAON:bnm=['인큐버스'],busiNm=['인큐버스'],year=['2024'],maker=['에바'] | NEDJGAON:bnm=['에너넷'],busiNm=['인큐버스'],year=['2024'],maker=['에바']",2024;2024
강변래미안아파트,서울특별시 영등포구 버드나루로 130,5,0,2,KL002010;PI711627,가능성 높음,동일,클린일렉스;클린일렉스,동일,"KL002010:[7.0, 7.0, 7.0, 7.0, 7.0] | PI711627:[7.0, 7.0, 7.0, 7.0, 7.0]",다른 사업자(강한 의심),KL;PI,다름,"KL002010:bnm=['클린일렉스'],busiNm=['클린일렉스'],year=['2021'],maker=['클린일렉스'] | PI711627:bnm=['GS차지비'],busiNm=['GS차지비'],year=['2022'],maker=['클린일렉스']",2021;2022
교촌동636-1 공영주차장,대전광역시 유성구 교촌동 636-1교촌동636-1 공영주차장,2,0,2,IVDJNKY6;NEDJNKY6,가능성 높음,동일,에바;에바,동일,"IVDJNKY6:[7.0, 7.0] | NEDJNKY6:[7.0, 7.0]",다른 사업자(강한 의심),IVDJNKY;NEDJNKY,다름,"IVDJNKY6:bnm=['인큐버스'],busiNm=['인큐버스'],year=['2023'],maker=['에바'] | NEDJNKY6:bnm=['에너넷'],busiNm=['인큐버스'],year=['2023'],maker=['에바']",2023;2023
구암동657 공영주차장,대전광역시 유성구 구암동 657공영주차장,2,0,2,IVDJNDM2;NEDJNDM2,가능성 높음,동일,에바;에바,동일,"IVDJNDM2:[7.0, 7.0] | NEDJNDM2:[7.0, 7.0]",다른 사업자(강한 의심),IVDJNDM;NEDJNDM,다름,"IVDJNDM2:bnm=['인큐버스'],busiNm=['인큐버스'],year=['2023'],maker=['에바'] | NEDJNDM2:bnm=['에너넷'],busiNm=['인큐버스'],year=['2023'],maker=['에바']",2023;2023
구암동677 공영주차장,대전광역시 유성구 구암동 677공영주차장,2,0,2,IVDJNKO6;NEDJNKO6,가능성 높음,동일,에바;에바,동일,"IVDJNKO6:[7.0, 7.0] | NEDJNKO6:[7.0, 7.0]",다른 사업자(강한 의심),IVDJNKO;NEDJNKO,다름,"IVDJNKO6:bnm=['인큐버스'],busiNm=['인큐버스'],year=['2023'],maker=['에바'] | NEDJNKO6:bnm=['에너넷'],busiNm=['인큐버스'],year=['2023'],maker=['에바']",2023;2023
국민건강보험공단 기장지사,부산광역시 기장군 기장읍 차성로 414,1,0,2,AZ100015;EZ100754,가능성 높음,동일,휴맥스이브이;휴맥스이브이,동일,AZ100015:[7.0] | EZ100754:[7.0],다른 사업자(강한 의심),AZ;EZ,다름,"AZ100015:bnm=['이에스앤에이치'],busiNm=['이에스앤에이치'],year=['2024'],maker=['휴맥스이브이'] | EZ100754:bnm=['차지인'],busiNm=['(주)차지인'],year=['2025'],maker=['휴맥스이브이']",2024;2025
금강로하스 산호빛공원 공영주차장,대전광역시 대덕구 대덕대로1527번길 200금강로하스 산호빛공원 공영주차장,2,0,2,IVDJNLOA;NEDJNLOA,가능성 높음,동일,에바;에바,동일,"IVDJNLOA:[7.0, 7.0] | NEDJNLOA:[7.0, 7.0]",다른 사업자(강한 의심),IVDJNLOA;NEDJNLOA,다름,"IVDJNLOA:bnm=['인큐버스'],busiNm=['인큐버스'],year=['2023'],maker=['에바'] | NEDJNLOA:bnm=['에너넷'],busiNm=['인큐버스'],year=['2023'],maker=['에바']",2023;2023
길치문화공원 공영주차장,대전광역시 대덕구 신상로 65길치문화공원 공영주차장,4,1,2,IVDJNGIL;NEDJNGIL,가능성 높음,동일,에바;에바,동일,"IVDJNGIL:[7.0, 7.0, 7.0, 7.0, 100.0] | NEDJNGIL:[7.0, 7.0, 7.0, 7.0, 100.0]",다른 사업자(강한 의심),IVDJNGIL;NEDJNGIL,다름,"IVDJNGIL:bnm=['인큐버스'],busiNm=['인큐버스'],year=['2023'],maker=['에바'] | NEDJNGIL:bnm=['에너넷'],busiNm=['인큐버스'],year=['2023'],maker=['에바']",2023;2023
논현초교 공영주차장,서울특별시 강남구 강남대로120길 33,0,2,2,CV001306;SE000211,가능성 높음,동일,채비;채비,다름,"CV001306:[100.0, 100.0] | SE000211:[200.0, 200.0]",다른 사업자(강한 의심),CV;SE,다름,"CV001306:bnm=['채비'],busiNm=['채비'],year=['2022'],maker=['채비'] | SE000211:bnm=['서울시'],busiNm=['서울에너지공사'],year=['2026'],maker=['채비']",2022;2026
대덕구 산중골 공영주차장(읍내동),대전광역시 대덕구 계족로740번길 114공영주차장,2,1,2,IVDJNMOU;NEDJNMOU,가능성 높음,동일,에바;에바,동일,"IVDJNMOU:[7.0, 7.0, 100.0] | NEDJNMOU:[7.0, 7.0, 100.0]",다른 사업자(강한 의심),IVDJNMOU;NEDJNMOU,다름,"IVDJNMOU:bnm=['인큐버스'],busiNm=['인큐버스'],year=['2023'],maker=['에바'] | NEDJNMOU:bnm=['에너넷'],busiNm=['인큐버스'],year=['2023'],maker=['에바']",2023;2023
대덕산업단지 공영주차장(문평동),대전광역시 대덕구 문평동로 16공영주차장,2,1,2,IVDJNMON;NEDJNMON,가능성 높음,동일,에바;에바,동일,"IVDJNMON:[7.0, 7.0, 100.0] | NEDJNMON:[7.0, 7.0, 100.0]",다른 사업자(강한 의심),IVDJNMON;NEDJNMON,다름,"IVDJNMON:bnm=['인큐버스'],busiNm=['인큐버스'],year=['2023'],maker=['에바'] | NEDJNMON:bnm=['에너넷'],busiNm=['인큐버스'],year=['2023'],maker=['에바']",2023;2023
대전 엑스포 한빛탑 주차장,대전광역시 유성구 대덕대로 480엑스포 한빛탑 주차장,8,2,2,IVDJEXPO;NEDJEXPO,가능성 높음,동일,에바;에바,동일,"IVDJEXPO:[7.0, 7.0, 7.0, 7.0, 7.0, 7.0, 7.0, 7.0, 100.0, 100.0] | NEDJEXPO:[7.0, 7.0, 7.0, 7.0, 7.0, 7.0, 7.0, 7.0, 100.0, 100.0]",다른 사업자(강한 의심),IVDJEXPO;NEDJEXPO,다름,"IVDJEXPO:bnm=['인큐버스'],busiNm=['인큐버스'],year=['2023'],maker=['에바'] | NEDJEXPO:bnm=['에너넷'],busiNm=['인큐버스'],year=['2023'],maker=['에바']",2023;2023
대전광역시 유성구 관평동 제1공영주차장,대전광역시 유성구 관평동 1175제1공영주차장,2,1,2,IVGWANP1;NEGWANP1,가능성 높음,동일,에바;에바,동일,"IVGWANP1:[7.0, 7.0, 100.0] | NEGWANP1:[7.0, 7.0, 100.0]",다른 사업자(강한 의심),IVGWANP;NEGWANP,다름,"IVGWANP1:bnm=['인큐버스'],busiNm=['인큐버스'],year=['2022'],maker=['에바'] | NEGWANP1:bnm=['에너넷'],busiNm=['인큐버스'],year=['2022'],maker=['에바']",2022;2022
대전광역시 유성구 관평동 제2공영주차장,대전광역시 유성구 관평동 734제2공영주차장,2,0,2,IVGWANP2;NEGWANP2,가능성 높음,동일,에바;에바,동일,"IVGWANP2:[7.0, 7.0] | NEGWANP2:[7.0, 7.0]",다른 사업자(강한 의심),IVGWANP;NEGWANP,다름,"IVGWANP2:bnm=['인큐버스'],busiNm=['인큐버스'],year=['2022'],maker=['에바'] | NEGWANP2:bnm=['에너넷'],busiNm=['인큐버스'],year=['2022'],maker=['에바']",2022;2022
대전광역시 유성구 관평동 제3공영주차장,대전광역시 유성구 관평동 788관평동 제3공영주차장,2,0,2,IVDJNGP3;NEDJNGP3,가능성 높음,동일,에바;에바,동일,"IVDJNGP3:[7.0, 7.0] | NEDJNGP3:[7.0, 7.0]",다른 사업자(강한 의심),IVDJNGP;NEDJNGP,다름,"IVDJNGP3:bnm=['인큐버스'],busiNm=['인큐버스'],year=['2023'],maker=['에바'] | NEDJNGP3:bnm=['에너넷'],busiNm=['인큐버스'],year=['2023'],maker=['에바']",2023;2023
대전광역시 유성구 관평동 제4공영주차장,대전광역시 유성구 관평동 932제4공영주차장,2,0,2,IVGWANP4;NEGWANP4,가능성 높음,동일,에바;에바,동일,"IVGWANP4:[7.0, 7.0] | NEGWANP4:[7.0, 7.0]",다른 사업자(강한 의심),IVGWANP;NEGWANP,다름,"IVGWANP4:bnm=['인큐버스'],busiNm=['인큐버스'],year=['2022'],maker=['에바'] | NEGWANP4:bnm=['에너넷'],busiNm=['인큐버스'],year=['2022'],maker=['에바']",2022;2022
대전광역시 유성구 관평동 제5공영주차장,대전광역시 유성구 관평동 1052제5공영주차장,2,1,2,IVGWANP5;NEGWANP5,가능성 높음,동일,에바;에바,동일,"IVGWANP5:[7.0, 7.0, 100.0] | NEGWANP5:[7.0, 7.0, 100.0]",다른 사업자(강한 의심),IVGWANP;NEGWANP,다름,"IVGWANP5:bnm=['인큐버스'],busiNm=['인큐버스'],year=['2022'],maker=['에바'] | NEGWANP5:bnm=['에너넷'],busiNm=['인큐버스'],year=['2022'],maker=['에바']",2022;2022
대전광역시 유성구 덕명동 513 공영주차장,대전광역시 유성구 덕명동 513공영주차장,2,0,2,IVDJNDM1;NEDJNDM1,가능성 높음,동일,에바;에바,동일,"IVDJNDM1:[7.0, 7.0] | NEDJNDM1:[7.0, 7.0]",다른 사업자(강한 의심),IVDJNDM;NEDJNDM,다름,"IVDJNDM1:bnm=['인큐버스'],busiNm=['인큐버스'],year=['2023'],maker=['에바'] | NEDJNDM1:bnm=['에너넷'],busiNm=['인큐버스'],year=['2023'],maker=['에바']",2023;2023
대전광역시 유성구 덕명동 544 공영주차장,대전광역시 유성구 덕명동 544공영주차장,2,0,2,IVDJNDM4;NEDJNDM4,가능성 높음,동일,에바;에바,동일,"IVDJNDM4:[7.0, 7.0] | NEDJNDM4:[7.0, 7.0]",다른 사업자(강한 의심),IVDJNDM;NEDJNDM,다름,"IVDJNDM4:bnm=['인큐버스'],busiNm=['인큐버스'],year=['2023'],maker=['에바'] | NEDJNDM4:bnm=['에너넷'],busiNm=['인큐버스'],year=['2023'],maker=['에바']",2023;2023
대전광역시 유성구 덕명동530 공영주차장,대전광역시 유성구 덕명동 530공영주차장,2,0,2,IVDJNDM6;NEDJNDM6,가능성 높음,동일,에바;에바,동일,"IVDJNDM6:[7.0, 7.0] | NEDJNDM6:[7.0, 7.0]",다른 사업자(강한 의심),IVDJNDM;NEDJNDM,다름,"IVDJNDM6:bnm=['인큐버스'],busiNm=['인큐버스'],year=['2023'],maker=['에바'] | NEDJNDM6:bnm=['에너넷'],busiNm=['인큐버스'],year=['2023'],maker=['에바']",2023;2023
대전광역시 유성구 덕명동545 공영주차장,대전광역시 유성구 덕명동545공영주차장,2,0,2,IVDJNDU1;NEDJNDU1,가능성 높음,동일,에바;에바,동일,"IVDJNDU1:[7.0, 7.0] | NEDJNDU1:[7.0, 7.0]",다른 사업자(강한 의심),IVDJNDU;NEDJNDU,다름,"IVDJNDU1:bnm=['인큐버스'],busiNm=['인큐버스'],year=['2022'],maker=['에바'] | NEDJNDU1:bnm=['에너넷'],busiNm=['인큐버스'],year=['2022'],maker=['에바']",2022;2022
대전광역시 유성구 덕명동588 공영주차장,대전광역시 유성구 덕명동588 공영주차장,2,1,2,IVDJNDU2;NEDJNDU2,가능성 높음,동일,에바;에바,동일,"IVDJNDU2:[7.0, 7.0, 100.0] | NEDJNDU2:[7.0, 7.0, 100.0]",다른 사업자(강한 의심),IVDJNDU;NEDJNDU,다름,"IVDJNDU2:bnm=['인큐버스'],busiNm=['인큐버스'],year=['2022'],maker=['에바'] | NEDJNDU2:bnm=['에너넷'],busiNm=['인큐버스'],year=['2022'],maker=['에바']",2022;2022
대전광역시 유성구 봉산동299 공영주차장,대전광역시 유성구 봉산동299 공영주차장,2,0,2,IVDJNBON;NEDJNBON,가능성 높음,동일,에바;에바,동일,"IVDJNBON:[7.0, 7.0] | NEDJNBON:[7.0, 7.0]",다른 사업자(강한 의심),IVDJNBON;NEDJNBON,다름,"IVDJNBON:bnm=['인큐버스'],busiNm=['인큐버스'],year=['2022'],maker=['에바'] | NEDJNBON:bnm=['에너넷'],busiNm=['인큐버스'],year=['2022'],maker=['에바']",2022;2022
대전광역시 유성구 송강동(GS) 공영주차장,대전광역시 유성구 구즉로58번길 15-12송강동(GS) 공영주차장,2,0,2,IVDJNSO1;NEDJNSO1,가능성 높음,동일,에바;에바,동일,"IVDJNSO1:[7.0, 7.0] | NEDJNSO1:[7.0, 7.0]",다른 사업자(강한 의심),IVDJNSO;NEDJNSO,다름,"IVDJNSO1:bnm=['인큐버스'],busiNm=['인큐버스'],year=['2022'],maker=['에바'] | NEDJNSO1:bnm=['에너넷'],busiNm=['인큐버스'],year=['2022'],maker=['에바']",2022;2022
대전광역시 유성구 송강동(프라자) 공영주차장,대전광역시 유성구 봉산로 27공영주차장,3,0,2,IVDJNSO2;NEDJNSO2,가능성 높음,동일,에바;에바,동일,"IVDJNSO2:[7.0, 7.0, 7.0] | NEDJNSO2:[7.0, 7.0, 7.0]",다른 사업자(강한 의심),IVDJNSO;NEDJNSO,다름,"IVDJNSO2:bnm=['인큐버스'],busiNm=['인큐버스'],year=['2022'],maker=['에바'] | NEDJNSO2:bnm=['에너넷'],busiNm=['인큐버스'],year=['2022'],maker=['에바']",2022;2022
대전광역시 유성구 수통골 공영주차장,대전광역시 유성구 수통골로 37공영주차장,6,1,2,IVDJNSOO;NEDJNSOO,가능성 높음,동일,에바;에바,동일,"IVDJNSOO:[7.0, 7.0, 7.0, 7.0, 7.0, 7.0, 100.0] | NEDJNSOO:[7.0, 7.0, 7.0, 7.0, 7.0, 7.0, 100.0]",다른 사업자(강한 의심),IVDJNSOO;NEDJNSOO,다름,"IVDJNSOO:bnm=['인큐버스'],busiNm=['인큐버스'],year=['2022', '2023'],maker=['에바'] | NEDJNSOO:bnm=['에너넷'],busiNm=['인큐버스'],year=['2022', '2023'],maker=['에바']","2022,2023;2022,2023"
대전광역시 유성구 신성동 제1공영주차장,대전광역시 유성구 신성동 137-2제1공영주차장,2,0,2,IVDJNSI1;NEDJNSI1,가능성 높음,동일,에바;에바,동일,"IVDJNSI1:[7.0, 7.0] | NEDJNSI1:[7.0, 7.0]",다른 사업자(강한 의심),IVDJNSI;NEDJNSI,다름,"IVDJNSI1:bnm=['인큐버스'],busiNm=['인큐버스'],year=['2023'],maker=['에바'] | NEDJNSI1:bnm=['에너넷'],busiNm=['인큐버스'],year=['2023'],maker=['에바']",2023;2023
대전광역시 유성구 신성동 제2공영주차장,대전광역시 유성구 신성동211-2제2공영주차장,3,0,2,IVDJNSIN;NEDJNSIN,가능성 높음,동일,에바;에바,동일,"IVDJNSIN:[7.0, 7.0, 7.0] | NEDJNSIN:[7.0, 7.0, 7.0]",다른 사업자(강한 의심),IVDJNSIN;NEDJNSIN,다름,"IVDJNSIN:bnm=['인큐버스'],busiNm=['인큐버스'],year=['2022'],maker=['에바'] | NEDJNSIN:bnm=['에너넷'],busiNm=['인큐버스'],year=['2022'],maker=['에바']",2022;2022
대전광역시 유성구 원내동 공영주차장,대전광역시 유성구 진잠로66번길 45공영주차장,4,1,2,IVDJNWON;NEDJNWON,가능성 높음,동일,에바;에바,동일,"IVDJNWON:[7.0, 7.0, 7.0, 7.0, 100.0] | NEDJNWON:[7.0, 7.0, 7.0, 7.0, 100.0]",다른 사업자(강한 의심),IVDJNWON;NEDJNWON,다름,"IVDJNWON:bnm=['인큐버스'],busiNm=['인큐버스'],year=['2022'],maker=['에바'] | NEDJNWON:bnm=['에너넷'],busiNm=['인큐버스'],year=['2022'],maker=['에바']",2022;2022
대전광역시 유성구 유성IC 만남의광장,대전광역시 유성구 월드컵대로 31공영주차장,9,1,2,IVDJNYIC;NEDJNYIC,가능성 높음,동일,에바;에바,동일,"IVDJNYIC:[7.0, 7.0, 7.0, 7.0, 7.0, 7.0, 7.0, 7.0, 7.0, 100.0] | NEDJNYIC:[7.0, 7.0, 7.0, 7.0, 7.0, 7.0, 7.0, 7.0, 7.0, 100.0]",다른 사업자(강한 의심),IVDJNYIC;NEDJNYIC,다름,"IVDJNYIC:bnm=['인큐버스'],busiNm=['인큐버스'],year=['2022', '2023'],maker=['에바'] | NEDJNYIC:bnm=['에너넷'],busiNm=['인큐버스'],year=['2022', '2023'],maker=['에바']","2022,2023;2022,2023"
대전광역시 유성구 장대동 공영주차장,대전광역시 유성구 유성대로729번길 40장대동공영주차장,5,0,2,IVDJNJAN;NEDJNJAN,가능성 높음,동일,에바;에바,동일,"IVDJNJAN:[7.0, 7.0, 7.0, 7.0, 7.0] | NEDJNJAN:[7.0, 7.0, 7.0, 7.0, 7.0]",다른 사업자(강한 의심),IVDJNJAN;NEDJNJAN,다름,"IVDJNJAN:bnm=['인큐버스'],busiNm=['인큐버스'],year=['2022'],maker=['에바'] | NEDJNJAN:bnm=['에너넷'],busiNm=['인큐버스'],year=['2022'],maker=['에바']",2022;2022
대전광역시 유성구 전민동 행정복지센터,대전광역시 유성구 유성대로1689번길 6전민동행정복지센터 주차장,2,0,2,IVDJNJEA;NEDJNJEA,가능성 높음,동일,에바;에바,동일,"IVDJNJEA:[7.0, 7.0] | NEDJNJEA:[7.0, 7.0]",다른 사업자(강한 의심),IVDJNJEA;NEDJNJEA,다름,"IVDJNJEA:bnm=['인큐버스'],busiNm=['인큐버스'],year=['2022'],maker=['에바'] | NEDJNJEA:bnm=['에너넷'],busiNm=['인큐버스'],year=['2022'],maker=['에바']",2022;2022
대전광역시 유성구 죽동 공영주차장,대전광역시 유성구 북유성대로 172죽동 공영주차장 2~3층,6,1,2,IVDJNJUK;NEDJNJUK,가능성 높음,동일,에바;에바,동일,"IVDJNJUK:[7.0, 7.0, 7.0, 7.0, 7.0, 7.0, 100.0] | NEDJNJUK:[7.0, 7.0, 7.0, 7.0, 7.0, 7.0, 100.0]",다른 사업자(강한 의심),IVDJNJUK;NEDJNJUK,다름,"IVDJNJUK:bnm=['인큐버스'],busiNm=['인큐버스'],year=['2022'],maker=['에바'] | NEDJNJUK:bnm=['에너넷'],busiNm=['인큐버스'],year=['2022'],maker=['에바']",2022;2022
대전광역시 중앙시장 제3공영주차장,대전광역시 동구 대전로797번길 27제3공영주차장빌딩 2~4층,8,1,2,IVDJNCEN;NEDJNCEN,가능성 높음,동일,에바;에바,동일,"IVDJNCEN:[7.0, 7.0, 7.0, 7.0, 7.0, 7.0, 7.0, 7.0, 100.0] | NEDJNCEN:[7.0, 7.0, 7.0, 7.0, 7.0, 7.0, 7.0, 7.0, 100.0]",다른 사업자(강한 의심),IVDJNCEN;NEDJNCEN,다름,"IVDJNCEN:bnm=['인큐버스'],busiNm=['인큐버스'],year=['2022'],maker=['에바'] | NEDJNCEN:bnm=['에너넷'],busiNm=['인큐버스'],year=['2022'],maker=['에바']",2022;2022
대전동부 모범운전자쉼터(택시),대전광역시 동구 동산초교로23번길 41-18운전자쉼터 주차장,2,0,2,IVDJNEAS;NEDJNEAS,가능성 높음,동일,에바;에바,동일,"IVDJNEAS:[7.0, 7.0] | NEDJNEAS:[7.0, 7.0]",다른 사업자(강한 의심),IVDJNEAS;NEDJNEAS,다름,"IVDJNEAS:bnm=['인큐버스'],busiNm=['인큐버스'],year=['2022'],maker=['에바'] | NEDJNEAS:bnm=['에너넷'],busiNm=['인큐버스'],year=['2022'],maker=['에바']",2022;2022
대전보건대학교,대전광역시 동구 충정로 21탐구관 지하주차장 1층,4,0,2,IVDJNBOG;NEDJNBOG,가능성 높음,동일,에바;에바,동일,"IVDJNBOG:[7.0, 7.0, 7.0, 7.0] | NEDJNBOG:[7.0, 7.0, 7.0, 7.0]",다른 사업자(강한 의심),IVDJNBOG;NEDJNBOG,다름,"IVDJNBOG:bnm=['인큐버스'],busiNm=['인큐버스'],year=['2022'],maker=['에바'] | NEDJNBOG:bnm=['에너넷'],busiNm=['인큐버스'],year=['2022'],maker=['에바']",2022;2022
대전열병합발전 사옥,대전광역시 대덕구 신일동 1675-5대전열병합발전 사옥,1,0,2,IVDJNHEA;NEDJNHEA,가능성 높음,동일,에바;에바,동일,IVDJNHEA:[7.0] | NEDJNHEA:[7.0],다른 사업자(강한 의심),IVDJNHEA;NEDJNHEA,다름,"IVDJNHEA:bnm=['인큐버스'],busiNm=['인큐버스'],year=['2023'],maker=['에바'] | NEDJNHEA:bnm=['에너넷'],busiNm=['인큐버스'],year=['2023'],maker=['에바']",2023;2023
대전추모공원,대전광역시 서구 상보안윗길 160,0,2,2,ME19B208;CV000904,가능성 높음,동일,채비;채비,다름,"ME19B208:[200.0, 200.0] | CV000904:[50.0, 50.0]",다른 사업자(강한 의심),CV;ME,다름,"ME19B208:bnm=['기후에너지환경부'],busiNm=['기후에너지환경부'],year=['2020'],maker=['채비'] | CV000904:bnm=['채비'],busiNm=['채비'],year=['2021'],maker=['채비']",2020;2021
도룡동(상) 공영주차장,대전광역시 유성구 도룡동 385-1도룡동(상)공영주차장,2,1,2,IVDJDRUP;NEDJDRUP,가능성 높음,동일,에바;에바,동일,"IVDJDRUP:[7.0, 7.0, 100.0] | NEDJDRUP:[7.0, 7.0, 100.0]",다른 사업자(강한 의심),IVDJDRUP;NEDJDRUP,다름,"IVDJDRUP:bnm=['인큐버스'],busiNm=['인큐버스'],year=['2024'],maker=['에바'] | NEDJDRUP:bnm=['에너넷'],busiNm=['인큐버스'],year=['2024'],maker=['에바']",2024;2024
도룡동(하) 공영주차장,대전광역시 유성구 도룡동 395-10도룡동(하)공영주차장,2,1,2,IVDJDRDW;NEDJDRDW,가능성 높음,동일,에바;에바,동일,"IVDJDRDW:[7.0, 7.0, 100.0] | NEDJDRDW:[7.0, 7.0, 100.0]",다른 사업자(강한 의심),IVDJDRDW;NEDJDRDW,다름,"IVDJDRDW:bnm=['인큐버스'],busiNm=['인큐버스'],year=['2024'],maker=['에바'] | NEDJDRDW:bnm=['에너넷'],busiNm=['인큐버스'],year=['2024'],maker=['에바']",2024;2024
동춘당생애길 제2공영주차장,대전광역시 대덕구 계족산로 20동춘당생애길 제2공영주차장,2,1,2,IVDJNDON;NEDJNDON,가능성 높음,동일,에바;에바,동일,"IVDJNDON:[7.0, 7.0, 100.0] | NEDJNDON:[7.0, 7.0, 100.0]",다른 사업자(강한 의심),IVDJNDON;NEDJNDON,다름,"IVDJNDON:bnm=['인큐버스'],busiNm=['인큐버스'],year=['2023'],maker=['에바'] | NEDJNDON:bnm=['에너넷'],busiNm=['인큐버스'],year=['2023'],maker=['에바']",2023;2023
래미안장위포레카운티,서울특별시 성북구 장월로 160,10,0,2,PI762720;PL001023,가능성 높음,동일,에바;에바,동일,"PI762720:[7.0, 7.0, 7.0, 7.0, 7.0, 7.0, 7.0, 7.0, 7.0, 7.0] | PL001023:[7.0, 7.0, 7.0, 7.0, 7.0, 7.0, 7.0, 7.0, 7.0, 7.0]",다른 사업자(강한 의심),PI;PL,다름,"PI762720:bnm=['GS차지비'],busiNm=['GS차지비'],year=['2022'],maker=['에바'] | PL001023:bnm=['플러그링크'],busiNm=['플러그링크'],year=['2024'],maker=['에바']",2022;2024
메가마트 기장점,부산광역시 기장군 일광읍 기장대로 673,0,6,2,KE001003;SZMA0001,가능성 높음,동일,KLIN ELEX;KLIN ELEX,동일,"KE001003:[100.0, 100.0, 100.0, 100.0, 100.0, 100.0] | SZMA0001:[100.0, 100.0, 100.0, 100.0, 100.0, 100.0]",다른 사업자(강한 의심),KE;SZMA,다름,"KE001003:bnm=['한국전기차인프라기술'],busiNm=['한국전기차인프라기술'],year=['2023'],maker=['KLIN ELEX'] | SZMA0001:bnm=['SG생활안전'],busiNm=['SG생활안전'],year=['2023'],maker=['KLIN ELEX']",2023;2023
메가마트 동래점,부산광역시 동래구 충렬대로 197,0,14,2,KE001010;SZMA0004,가능성 높음,동일,KLIN ELEX;KLIN ELEX,동일,"KE001010:[100.0, 100.0, 100.0, 100.0, 100.0, 100.0, 100.0, 100.0, 100.0, 100.0, 100.0, 100.0, 100.0, 100.0] | SZMA0004:[100.0, 100.0, 100.0, 100.0, 100.0, 100.0, 100.0, 100.0, 100.0, 100.0, 100.0, 100.0, 100.0, 100.0]",다른 사업자(강한 의심),KE;SZMA,다름,"KE001010:bnm=['한국전기차인프라기술'],busiNm=['한국전기차인프라기술'],year=['2023'],maker=['KLIN ELEX'] | SZMA0004:bnm=['SG생활안전'],busiNm=['SG생활안전'],year=['2023'],maker=['KLIN ELEX']",2023;2023
메가마트 언양점,울산광역시 울주군 삼남읍 반구대로 612,0,6,2,KE001004;SZMA0005,가능성 높음,동일,KLIN ELEX;KLIN ELEX,동일,"KE001004:[100.0, 100.0, 100.0, 100.0, 100.0, 100.0] | SZMA0005:[100.0, 100.0, 100.0, 100.0, 100.0, 100.0]",다른 사업자(강한 의심),KE;SZMA,다름,"KE001004:bnm=['한국전기차인프라기술'],busiNm=['한국전기차인프라기술'],year=['2023'],maker=['KLIN ELEX'] | SZMA0005:bnm=['SG생활안전'],busiNm=['SG생활안전'],year=['2023'],maker=['KLIN ELEX']",2023;2023
메가마트 울산점,울산광역시 북구 진장17길 10,0,18,2,KE001008;SZMA0006,가능성 높음,동일,KLIN ELEX;KLIN ELEX,동일,"KE001008:[100.0, 100.0, 100.0, 100.0, 100.0, 100.0, 100.0, 100.0, 100.0, 100.0, 100.0, 100.0, 100.0, 100.0, 100.0, 100.0, 100.0, 100.0] | SZMA0006:[100.0, 100.0, 100.0, 100.0, 100.0, 100.0, 100.0, 100.0, 100.0, 100.0, 100.0, 100.0, 100.0, 100.0, 100.0, 100.0, 100.0, 100.0]",다른 사업자(강한 의심),KE;SZMA,다름,"KE001008:bnm=['한국전기차인프라기술'],busiNm=['한국전기차인프라기술'],year=['2023'],maker=['KLIN ELEX'] | SZMA0006:bnm=['SG생활안전'],busiNm=['SG생활안전'],year=['2023'],maker=['KLIN ELEX']",2023;2023
반석동 제1공영주차장,대전광역시 유성구 반석동 641반석동 제1공영주차장,2,0,2,IVDJNBS1;NEDJNBS1,가능성 높음,동일,에바;에바,동일,"IVDJNBS1:[7.0, 7.0] | NEDJNBS1:[7.0, 7.0]",다른 사업자(강한 의심),IVDJNBS;NEDJNBS,다름,"IVDJNBS1:bnm=['인큐버스'],busiNm=['인큐버스'],year=['2023'],maker=['에바'] | NEDJNBS1:bnm=['에너넷'],busiNm=['인큐버스'],year=['2023'],maker=['에바']",2023;2023
반석동714 공영주차장,대전광역시 유성구 반석동 714공영주차장,2,0,2,IVDJNBS7;NEDJNBS7,가능성 높음,동일,에바;에바,동일,"IVDJNBS7:[7.0, 7.0] | NEDJNBS7:[7.0, 7.0]",다른 사업자(강한 의심),IVDJNBS;NEDJNBS,다름,"IVDJNBS7:bnm=['인큐버스'],busiNm=['인큐버스'],year=['2023'],maker=['에바'] | NEDJNBS7:bnm=['에너넷'],busiNm=['인큐버스'],year=['2023'],maker=['에바']",2023;2023
베니키아 테크노밸리 호텔,대전광역시 유성구 테크노중앙로 57지하2층,2,0,2,IVDJBKHT;NEDJBKHT,가능성 높음,동일,에바;에바,동일,"IVDJBKHT:[7.0, 7.0] | NEDJBKHT:[7.0, 7.0]",다른 사업자(강한 의심),IVDJBKHT;NEDJBKHT,다름,"IVDJBKHT:bnm=['인큐버스'],busiNm=['인큐버스'],year=['2023'],maker=['에바'] | NEDJBKHT:bnm=['에너넷'],busiNm=['인큐버스'],year=['2023'],maker=['에바']",2023;2023
보건복지행정타운 충전소,서울특별시 광진구 능동로 400,2,0,2,AM900008;EP220188,가능성 높음,동일,이카플러그;이카플러그,동일,"AM900008:[7.0, 7.0] | EP220188:[7.0, 7.0]",다른 사업자(강한 의심),AM;EP,다름,"AM900008:bnm=['아마노코리아'],busiNm=['아마노코리아'],year=['2022'],maker=['이카플러그'] | EP220188:bnm=['이카플러그'],busiNm=['AKC'],year=['2022'],maker=['이카플러그']",2022;2022
부산 좌천 재래시장 노외공영주차장,부산광역시 기장군 장안읍 장곡길 178,1,0,2,BNBN0460;BNOB0504,가능성 높음,동일,블루네트웍스;블루네트웍스,동일,BNBN0460:[7.0] | BNOB0504:[7.0],다른 사업자(강한 의심),BNBN;BNOB,동일,"BNBN0460:bnm=['블루네트웍스'],busiNm=['블루네트웍스'],year=['2023'],maker=['블루네트웍스'] | BNOB0504:bnm=['블루네트웍스'],busiNm=['블루네트웍스'],year=['2023'],maker=['블루네트웍스']",2023;2023
비래동 128-10 공영주차장,대전광역시 대덕구 비래동로23번길 28공영주차장,2,0,2,IVDJBRP2;NEDJBRP2,가능성 높음,동일,에바;에바,동일,"IVDJBRP2:[7.0, 7.0] | NEDJBRP2:[7.0, 7.0]",다른 사업자(강한 의심),IVDJBRP;NEDJBRP,다름,"IVDJBRP2:bnm=['인큐버스'],busiNm=['인큐버스'],year=['2024'],maker=['에바'] | NEDJBRP2:bnm=['에너넷'],busiNm=['인큐버스'],year=['2024'],maker=['에바']",2024;2024
비래동 143-7 공영주차장,대전광역시 대덕구 비래동 143-7,2,0,2,IVDJBRP1;NEDJBRP1,가능성 높음,동일,에바;에바,동일,"IVDJBRP1:[7.0, 7.0] | NEDJBRP1:[7.0, 7.0]",다른 사업자(강한 의심),IVDJBRP;NEDJBRP,다름,"IVDJBRP1:bnm=['인큐버스'],busiNm=['인큐버스'],year=['2024'],maker=['에바'] | NEDJBRP1:bnm=['에너넷'],busiNm=['인큐버스'],year=['2024'],maker=['에바']",2024;2024
서울 한샘상암사옥 충전소,서울특별시 마포구 성암로 179,10,0,2,AM900012;EP220314,가능성 높음,동일,이카플러그;이카플러그,동일,"AM900012:[7.0, 7.0, 7.0, 7.0, 7.0, 7.0, 7.0, 7.0, 7.0, 7.0] | EP220314:[7.0, 7.0, 7.0, 7.0, 7.0, 7.0, 7.0, 7.0, 7.0, 7.0]",다른 사업자(강한 의심),AM;EP,다름,"AM900012:bnm=['아마노코리아'],busiNm=['아마노코리아'],year=['2022'],maker=['이카플러그'] | EP220314:bnm=['이카플러그'],busiNm=['이카플러그'],year=['2022'],maker=['이카플러그']",2022;2022
서울숲삼부아파트,서울특별시 성동구 왕십리로 280,12,0,2,PI001496;SF002098,가능성 높음,동일,스타코프;스타코프,동일,"PI001496:[3.0, 3.0, 3.0, 3.0, 3.0, 3.0, 3.0, 3.0, 3.0, 3.0, 3.0, 3.0] | SF002098:[3.0, 3.0, 3.0, 3.0, 3.0, 3.0, 3.0, 3.0, 3.0, 3.0, 3.0, 3.0]",다른 사업자(강한 의심),PI;SF,다름,"PI001496:bnm=['GS차지비'],busiNm=['GS차지비'],year=['2021'],maker=['스타코프'] | SF002098:bnm=['스타코프'],busiNm=['스타코프스타코프'],year=['2022', '2023'],maker=['스타코프']","2021;2022,2023"
서재문화체육센터,대구광역시 달성군 다사읍 다사로 750,0,2,2,ME18C265;CV002150,가능성 높음,동일,채비;채비,동일,"ME18C265:[200.0, 200.0] | CV002150:[200.0, 200.0]",다른 사업자(강한 의심),CV;ME,다름,"ME18C265:bnm=['기후에너지환경부'],busiNm=['기후에너지환경부'],year=['2018'],maker=['채비'] | CV002150:bnm=['채비'],busiNm=['채비'],year=['2023'],maker=['채비']",2018;2023
석교동제4노외공영주차장,대전광역시 중구 석교동 61-7중구 석교동 제4노외공영주차장,2,0,2,IVDJSKPP;NEDJSKPP,가능성 높음,동일,에바;에바,동일,"IVDJSKPP:[7.0, 7.0] | NEDJSKPP:[7.0, 7.0]",다른 사업자(강한 의심),IVDJSKPP;NEDJSKPP,다름,"IVDJSKPP:bnm=['인큐버스'],busiNm=['인큐버스'],year=['2024'],maker=['에바'] | NEDJSKPP:bnm=['에너넷'],busiNm=['인큐버스'],year=['2024'],maker=['에바']",2024;2024
송촌 공영 주차장,대전광역시 대덕구 송촌동 478-1송촌 공영 주차장,2,0,2,IVDJNSO3;NEDJNSO3,가능성 높음,동일,에바;에바,동일,"IVDJNSO3:[7.0, 7.0] | NEDJNSO3:[7.0, 7.0]",다른 사업자(강한 의심),IVDJNSO;NEDJNSO,다름,"IVDJNSO3:bnm=['인큐버스'],busiNm=['인큐버스'],year=['2023'],maker=['에바'] | NEDJNSO3:bnm=['에너넷'],busiNm=['인큐버스'],year=['2023'],maker=['에바']",2023;2023
송촌 먹자골목 공영주차장,대전광역시 대덕구 송촌북로20번길 27-14송촌 먹자골목 공영주차장,2,1,2,IVDJNSO4;NEDJNSO4,가능성 높음,동일,에바;에바,동일,"IVDJNSO4:[7.0, 7.0, 100.0] | NEDJNSO4:[7.0, 7.0, 100.0]",다른 사업자(강한 의심),IVDJNSO;NEDJNSO,다름,"IVDJNSO4:bnm=['인큐버스'],busiNm=['인큐버스'],year=['2023'],maker=['에바'] | NEDJNSO4:bnm=['에너넷'],busiNm=['인큐버스'],year=['2023'],maker=['에바']",2023;2023
송촌대양 공영주차장,대전광역시 대덕구 계족산로36번길 70송촌대양 공영주차장,2,0,2,IVDJNSON;NEDJNSON,가능성 높음,동일,에바;에바,동일,"IVDJNSON:[7.0, 7.0] | NEDJNSON:[7.0, 7.0]",다른 사업자(강한 의심),IVDJNSON;NEDJNSON,다름,"IVDJNSON:bnm=['인큐버스'],busiNm=['인큐버스'],year=['2023'],maker=['에바'] | NEDJNSON:bnm=['에너넷'],busiNm=['인큐버스'],year=['2023'],maker=['에바']",2023;2023
송촌동 진가쟁이 공영주차장,대전광역시 대덕구 선비마을로5번길 24송촌동 진가쟁이 공영주차,2,0,2,IVDJNJIN;NEDJNJIN,가능성 높음,동일,에바;에바,동일,"IVDJNJIN:[7.0, 7.0] | NEDJNJIN:[7.0, 7.0]",다른 사업자(강한 의심),IVDJNJIN;NEDJNJIN,다름,"IVDJNJIN:bnm=['인큐버스'],busiNm=['인큐버스'],year=['2023'],maker=['에바'] | NEDJNJIN:bnm=['에너넷'],busiNm=['인큐버스'],year=['2023'],maker=['에바']",2023;2023
송파 와이즈더샵,서울특별시 송파구 위례광장로 270,2,0,2,AM900057;EP240096,가능성 높음,동일,이카플러그;이카플러그,동일,"AM900057:[7.0, 7.0] | EP240096:[7.0, 7.0]",다른 사업자(강한 의심),AM;EP,다름,"AM900057:bnm=['아마노코리아'],busiNm=['아마노코리아'],year=['2024'],maker=['이카플러그'] | EP240096:bnm=['이카플러그'],busiNm=['이카플러그'],year=['2024'],maker=['이카플러그']",2024;2024
신탄진 공영주차장,대전광역시 대덕구 신탄진로810번길 19신탄진 공영주차장,2,0,2,IVDJNSIT;NEDJNSIT,가능성 높음,동일,에바;에바,동일,"IVDJNSIT:[7.0, 7.0] | NEDJNSIT:[7.0, 7.0]",다른 사업자(강한 의심),IVDJNSIT;NEDJNSIT,다름,"IVDJNSIT:bnm=['인큐버스'],busiNm=['인큐버스'],year=['2023'],maker=['에바'] | NEDJNSIT:bnm=['에너넷'],busiNm=['인큐버스'],year=['2023'],maker=['에바']",2023;2023
아현아이파크아파트,서울특별시 마포구 마포대로 246,5,0,2,KL001960;PI700643,가능성 높음,동일,클린일렉스;클린일렉스,동일,"KL001960:[7.0, 7.0, 7.0, 7.0, 7.0] | PI700643:[7.0, 7.0, 7.0, 7.0, 7.0]",다른 사업자(강한 의심),KL;PI,다름,"KL001960:bnm=['클린일렉스'],busiNm=['클린일렉스'],year=['2021'],maker=['클린일렉스'] | PI700643:bnm=['GS차지비'],busiNm=['GS차지비'],year=['2018'],maker=['클린일렉스']",2021;2018
옥토빌딩,대전광역시 유성구 대덕대로 582지하 2층,1,0,2,IVDJOKTO;NEDJOKTO,가능성 높음,동일,에바;에바,동일,IVDJOKTO:[7.0] | NEDJOKTO:[7.0],다른 사업자(강한 의심),IVDJOKTO;NEDJOKTO,다름,"IVDJOKTO:bnm=['인큐버스'],busiNm=['인큐버스'],year=['2023'],maker=['에바'] | NEDJOKTO:bnm=['에너넷'],busiNm=['인큐버스'],year=['2023'],maker=['에바']",2023;2023
용산동624 공영주차장,대전광역시 유성구 용산동624공영주차장,2,0,2,IVDJNYS6;NEDJNYS6,가능성 높음,동일,에바;에바,동일,"IVDJNYS6:[7.0, 7.0] | NEDJNYS6:[7.0, 7.0]",다른 사업자(강한 의심),IVDJNYS;NEDJNYS,다름,"IVDJNYS6:bnm=['인큐버스'],busiNm=['인큐버스'],year=['2023'],maker=['에바'] | NEDJNYS6:bnm=['에너넷'],busiNm=['인큐버스'],year=['2023'],maker=['에바']",2023;2023
우송정보대학교,대전광역시 동구 백룡로57번길 27주차장,3,0,2,IVDJWSNG;NEDJWSNG,가능성 높음,동일,에바;에바,동일,"IVDJWSNG:[7.0, 7.0, 7.0] | NEDJWSNG:[7.0, 7.0, 7.0]",다른 사업자(강한 의심),IVDJWSNG;NEDJWSNG,다름,"IVDJWSNG:bnm=['인큐버스'],busiNm=['인큐버스'],year=['2024'],maker=['에바'] | NEDJWSNG:bnm=['에너넷'],busiNm=['인큐버스'],year=['2024'],maker=['에바']",2024;2024
유성 종합스포츠센터,대전광역시 유성구 신성동352-5스포츠센터 주차장,2,0,2,IVDJNSPO;NEDJNSPO,가능성 높음,동일,에바;에바,동일,"IVDJNSPO:[7.0, 7.0] | NEDJNSPO:[7.0, 7.0]",다른 사업자(강한 의심),IVDJNSPO;NEDJNSPO,다름,"IVDJNSPO:bnm=['인큐버스'],busiNm=['인큐버스'],year=['2023'],maker=['에바'] | NEDJNSPO:bnm=['에너넷'],busiNm=['인큐버스'],year=['2023'],maker=['에바']",2023;2023
유한킴벌리 대전공장,대전광역시 대덕구 문평동 41-1 유한킴벌리(주)대전공장,10,0,2,IVDJNYUH;NEDJNYUH,가능성 높음,동일,에바;에바,동일,"IVDJNYUH:[7.0, 7.0, 7.0, 7.0, 7.0, 7.0, 7.0, 7.0, 7.0, 7.0] | NEDJNYUH:[7.0, 7.0, 7.0, 7.0, 7.0, 7.0, 7.0, 7.0, 7.0, 7.0]",다른 사업자(강한 의심),IVDJNYUH;NEDJNYUH,다름,"IVDJNYUH:bnm=['인큐버스'],busiNm=['인큐버스'],year=['2022'],maker=['에바'] | NEDJNYUH:bnm=['에너넷'],busiNm=['인큐버스'],year=['2022'],maker=['에바']",2022;2022
읍내동 575-5 공영주차장,대전광역시 대덕구 읍내동 575-5,2,0,2,IVDJENPP;NEDJENPP,가능성 높음,동일,에바;에바,동일,"IVDJENPP:[7.0, 7.0] | NEDJENPP:[7.0, 7.0]",다른 사업자(강한 의심),IVDJENPP;NEDJENPP,다름,"IVDJENPP:bnm=['인큐버스'],busiNm=['인큐버스'],year=['2024'],maker=['에바'] | NEDJENPP:bnm=['에너넷'],busiNm=['인큐버스'],year=['2024'],maker=['에바']",2024;2024
자양동 공영주차장빌딩,대전광역시 동구 동대전로144번길 63공영주차장빌딩 1층,2,1,2,IVDJNJAY;NEDJNJAY,가능성 높음,동일,에바;에바,동일,"IVDJNJAY:[7.0, 7.0, 100.0] | NEDJNJAY:[7.0, 7.0, 100.0]",다른 사업자(강한 의심),IVDJNJAY;NEDJNJAY,다름,"IVDJNJAY:bnm=['인큐버스'],busiNm=['인큐버스'],year=['2023'],maker=['에바'] | NEDJNJAY:bnm=['에너넷'],busiNm=['인큐버스'],year=['2023'],maker=['에바']",2023;2023
전민동 제1공영주차장,대전광역시 유성구 전민동 332-6전민동 제1공영주차장,2,0,2,IVDJNJM1;NEDJNJM1,가능성 높음,동일,에바;에바,동일,"IVDJNJM1:[7.0, 7.0] | NEDJNJM1:[7.0, 7.0]",다른 사업자(강한 의심),IVDJNJM;NEDJNJM,다름,"IVDJNJM1:bnm=['인큐버스'],busiNm=['인큐버스'],year=['2023'],maker=['에바'] | NEDJNJM1:bnm=['에너넷'],busiNm=['인큐버스'],year=['2023'],maker=['에바']",2023;2023
전민동 제2공영주차장,대전광역시 유성구 전민동 346-3전민동 제2공영주차장,2,0,2,IVDJNJM2;NEDJNJM2,가능성 높음,동일,에바;에바,동일,"IVDJNJM2:[7.0, 7.0] | NEDJNJM2:[7.0, 7.0]",다른 사업자(강한 의심),IVDJNJM;NEDJNJM,다름,"IVDJNJM2:bnm=['인큐버스'],busiNm=['인큐버스'],year=['2023'],maker=['에바'] | NEDJNJM2:bnm=['에너넷'],busiNm=['인큐버스'],year=['2023'],maker=['에바']",2023;2023
정려각 공영주차장,대전광역시 대덕구 중리동 498-2정려각 공영주차장,2,0,2,IVDJJRGP;NEDJJRGP,가능성 높음,동일,에바;에바,동일,"IVDJJRGP:[7.0, 7.0] | NEDJJRGP:[7.0, 7.0]",다른 사업자(강한 의심),IVDJJRGP;NEDJJRGP,다름,"IVDJJRGP:bnm=['인큐버스'],busiNm=['인큐버스'],year=['2024'],maker=['에바'] | NEDJJRGP:bnm=['에너넷'],busiNm=['인큐버스'],year=['2024'],maker=['에바']",2024;2024
중구 대사동 제2공영,대전광역시 중구 보문산공원로497번안길 34중구 대사동 제2공영,2,1,2,IVDJDS2P;NEDJDS2P,가능성 높음,동일,에바;에바,동일,"IVDJDS2P:[7.0, 7.0, 100.0] | NEDJDS2P:[7.0, 7.0, 100.0]",다른 사업자(강한 의심),IVDJDS;NEDJDS,다름,"IVDJDS2P:bnm=['인큐버스'],busiNm=['인큐버스'],year=['2023'],maker=['에바'] | NEDJDS2P:bnm=['에너넷'],busiNm=['인큐버스'],year=['2023'],maker=['에바']",2023;2023
중구 대흥동 제5공영,대전광역시 중구 보문로230번길 35중구 대흥동 제5공영,2,0,2,IVDJDH5P;NEDJDH5P,가능성 높음,동일,에바;에바,동일,"IVDJDH5P:[7.0, 7.0] | NEDJDH5P:[7.0, 7.0]",다른 사업자(강한 의심),IVDJDH;NEDJDH,다름,"IVDJDH5P:bnm=['인큐버스'],busiNm=['인큐버스'],year=['2023'],maker=['에바'] | NEDJDH5P:bnm=['에너넷'],busiNm=['인큐버스'],year=['2023'],maker=['에바']",2023;2023
중구 선화동 제2공영,대전광역시 중구 대종로517번길 48중구 선화동 제2공영,2,0,2,IVDJSH2P;NEDJSH2P,가능성 높음,동일,에바;에바,동일,"IVDJSH2P:[7.0, 7.0] | NEDJSH2P:[7.0, 7.0]",다른 사업자(강한 의심),IVDJSH;NEDJSH,다름,"IVDJSH2P:bnm=['인큐버스'],busiNm=['인큐버스'],year=['2023'],maker=['에바'] | NEDJSH2P:bnm=['에너넷'],busiNm=['인큐버스'],year=['2023'],maker=['에바']",2023;2023
중구 선화동 제5공영,대전광역시 중구 중앙로79번길 63중구 선화동 제5공영,2,0,2,IVDJSH5P;NEDJSH5P,가능성 높음,동일,에바;에바,동일,"IVDJSH5P:[7.0, 7.0] | NEDJSH5P:[7.0, 7.0]",다른 사업자(강한 의심),IVDJSH;NEDJSH,다름,"IVDJSH5P:bnm=['인큐버스'],busiNm=['인큐버스'],year=['2023'],maker=['에바'] | NEDJSH5P:bnm=['에너넷'],busiNm=['인큐버스'],year=['2023'],maker=['에바']",2023;2023
중구 안영동 제3공영,대전광역시 중구 성산로9번길 3중구 안영동 제3공영,2,0,2,IVDJAY3P;NEDJAY3P,가능성 높음,동일,에바;에바,동일,"IVDJAY3P:[7.0, 7.0] | NEDJAY3P:[7.0, 7.0]",다른 사업자(강한 의심),IVDJAY;NEDJAY,다름,"IVDJAY3P:bnm=['인큐버스'],busiNm=['인큐버스'],year=['2023'],maker=['에바'] | NEDJAY3P:bnm=['에너넷'],busiNm=['인큐버스'],year=['2023'],maker=['에바']",2023;2023
중리 만남 공영주차장,대전광역시 대덕구 중리남로8번길 4중리 만남 공영주차장,1,0,2,IVDJNJLM;NEDJNJLM,가능성 높음,동일,에바;에바,동일,IVDJNJLM:[7.0] | NEDJNJLM:[7.0],다른 사업자(강한 의심),IVDJNJLM;NEDJNJLM,다름,"IVDJNJLM:bnm=['인큐버스'],busiNm=['인큐버스'],year=['2023'],maker=['에바'] | NEDJNJLM:bnm=['에너넷'],busiNm=['인큐버스'],year=['2023'],maker=['에바']",2023;2023
중리구봉 공영주차장,대전광역시 대덕구 중리동 164-5중리구봉 공영주차장,2,0,2,IVDJNKOO;NEDJNKOO,가능성 높음,동일,에바;에바,동일,"IVDJNKOO:[7.0, 7.0] | NEDJNKOO:[7.0, 7.0]",다른 사업자(강한 의심),IVDJNKOO;NEDJNKOO,다름,"IVDJNKOO:bnm=['인큐버스'],busiNm=['인큐버스'],year=['2023'],maker=['에바'] | NEDJNKOO:bnm=['에너넷'],busiNm=['인큐버스'],year=['2023'],maker=['에바']",2023;2023
중리행복1길 공영주차장,대전광역시 대덕구 중리동 196-10중리행복1길 공영주차장,2,0,2,IVDJNHAP;NEDJNHAP,가능성 높음,동일,에바;에바,동일,"IVDJNHAP:[7.0, 7.0] | NEDJNHAP:[7.0, 7.0]",다른 사업자(강한 의심),IVDJNHAP;NEDJNHAP,다름,"IVDJNHAP:bnm=['인큐버스'],busiNm=['인큐버스'],year=['2023'],maker=['에바'] | NEDJNHAP:bnm=['에너넷'],busiNm=['인큐버스'],year=['2023'],maker=['에바']",2023;2023
파머스마켓,대전광역시 유성구 도안대로 93파머스마켓 베지래빗804,3,0,2,IVDJFMMK;NEDJFMMK,가능성 높음,동일,에바;에바,동일,"IVDJFMMK:[7.0, 7.0, 7.0] | NEDJFMMK:[7.0, 7.0, 7.0]",다른 사업자(강한 의심),IVDJFMMK;NEDJFMMK,다름,"IVDJFMMK:bnm=['인큐버스'],busiNm=['인큐버스'],year=['2024'],maker=['에바'] | NEDJFMMK:bnm=['에너넷'],busiNm=['인큐버스'],year=['2024'],maker=['에바']",2024;2024
학하지구 제11공영주차장,대전광역시 유성구 학하동 721-12학하지구 제11공영주차장,2,0,2,IVDJNH11;NEDJNH11,가능성 높음,동일,에바;에바,동일,"IVDJNH11:[7.0, 7.0] | NEDJNH11:[7.0, 7.0]",다른 사업자(강한 의심),IVDJNH;NEDJNH,다름,"IVDJNH11:bnm=['인큐버스'],busiNm=['인큐버스'],year=['2023'],maker=['에바'] | NEDJNH11:bnm=['에너넷'],busiNm=['인큐버스'],year=['2023'],maker=['에바']",2023;2023
학하지구 제12공영주차장,대전광역시 유성구 계산동 717-3학하지구 제12공영주차장,2,0,2,IVDJNH12;NEDJNH12,가능성 높음,동일,에바;에바,동일,"IVDJNH12:[7.0, 7.0] | NEDJNH12:[7.0, 7.0]",다른 사업자(강한 의심),IVDJNH;NEDJNH,다름,"IVDJNH12:bnm=['인큐버스'],busiNm=['인큐버스'],year=['2023'],maker=['에바'] | NEDJNH12:bnm=['에너넷'],busiNm=['인큐버스'],year=['2023'],maker=['에바']",2023;2023
학하지구 제13공영주차장,대전광역시 유성구 복용동 585-1학하지구 제13공영주차장,2,0,2,IVDJNH13;NEDJNH13,가능성 높음,동일,에바;에바,동일,"IVDJNH13:[7.0, 7.0] | NEDJNH13:[7.0, 7.0]",다른 사업자(강한 의심),IVDJNH;NEDJNH,다름,"IVDJNH13:bnm=['인큐버스'],busiNm=['인큐버스'],year=['2023'],maker=['에바'] | NEDJNH13:bnm=['에너넷'],busiNm=['인큐버스'],year=['2023'],maker=['에바']",2023;2023
학하지구 제14공영주차장,대전광역시 유성구 복용동 569-1학하지구 제14공영주차장,2,0,2,IVDJNH14;NEDJNH14,가능성 높음,동일,에바;에바,동일,"IVDJNH14:[7.0, 7.0] | NEDJNH14:[7.0, 7.0]",다른 사업자(강한 의심),IVDJNH;NEDJNH,다름,"IVDJNH14:bnm=['인큐버스'],busiNm=['인큐버스'],year=['2023'],maker=['에바'] | NEDJNH14:bnm=['에너넷'],busiNm=['인큐버스'],year=['2023'],maker=['에바']",2023;2023
학하지구 제2공영주차장,대전광역시 유성구 복용동 604-1학하지구 제2공영주차장,2,0,2,IVDJNHA2;NEDJNHA2,가능성 높음,동일,에바;에바,동일,"IVDJNHA2:[7.0, 7.0] | NEDJNHA2:[7.0, 7.0]",다른 사업자(강한 의심),IVDJNHA;NEDJNHA,다름,"IVDJNHA2:bnm=['인큐버스'],busiNm=['인큐버스'],year=['2023'],maker=['에바'] | NEDJNHA2:bnm=['에너넷'],busiNm=['인큐버스'],year=['2023'],maker=['에바']",2023;2023
학하지구 제3공영주차장,대전광역시 유성구 학하동 714-9학하지구 제3공영주차장,2,0,2,IVDJNHA3;NEDJNHA3,가능성 높음,동일,에바;에바,동일,"IVDJNHA3:[7.0, 7.0] | NEDJNHA3:[7.0, 7.0]",다른 사업자(강한 의심),IVDJNHA;NEDJNHA,다름,"IVDJNHA3:bnm=['인큐버스'],busiNm=['인큐버스'],year=['2023'],maker=['에바'] | NEDJNHA3:bnm=['에너넷'],busiNm=['인큐버스'],year=['2023'],maker=['에바']",2023;2023
학하지구 제4공영주차장,대전광역시 유성구 학하동 721-1학하지구 제4공영주차장,2,1,2,IVDJNHA4;NEDJNHA4,가능성 높음,동일,에바;에바,동일,"IVDJNHA4:[7.0, 7.0, 100.0] | NEDJNHA4:[7.0, 7.0, 100.0]",다른 사업자(강한 의심),IVDJNHA;NEDJNHA,다름,"IVDJNHA4:bnm=['인큐버스'],busiNm=['인큐버스'],year=['2023'],maker=['에바'] | NEDJNHA4:bnm=['에너넷'],busiNm=['인큐버스'],year=['2023'],maker=['에바']",2023;2023
학하지구 제5공영주차장,대전광역시 유성구 덕명동 595학하지구 제5공영주차장,2,0,2,IVDJNHA5;NEDJNHA5,가능성 높음,동일,에바;에바,동일,"IVDJNHA5:[7.0, 7.0] | NEDJNHA5:[7.0, 7.0]",다른 사업자(강한 의심),IVDJNHA;NEDJNHA,다름,"IVDJNHA5:bnm=['인큐버스'],busiNm=['인큐버스'],year=['2023'],maker=['에바'] | NEDJNHA5:bnm=['에너넷'],busiNm=['인큐버스'],year=['2023'],maker=['에바']",2023;2023
학하지구 제6공영주차장,대전광역시 유성구 계산동 758-7학하지구 제6공영주차장,2,0,2,IVDJNHA6;NEDJNHA6,가능성 높음,동일,에바;에바,동일,"IVDJNHA6:[7.0, 7.0] | NEDJNHA6:[7.0, 7.0]",다른 사업자(강한 의심),IVDJNHA;NEDJNHA,다름,"IVDJNHA6:bnm=['인큐버스'],busiNm=['인큐버스'],year=['2023'],maker=['에바'] | NEDJNHA6:bnm=['에너넷'],busiNm=['인큐버스'],year=['2023'],maker=['에바']",2023;2023
학하지구 제7공영주차장,대전광역시 유성구 학하동 747-1학하지구 제7공영주차장,2,1,2,IVDJNHA7;NEDJNHA7,가능성 높음,동일,에바;에바,동일,"IVDJNHA7:[7.0, 7.0, 100.0] | NEDJNHA7:[7.0, 7.0, 100.0]",다른 사업자(강한 의심),IVDJNHA;NEDJNHA,다름,"IVDJNHA7:bnm=['인큐버스'],busiNm=['인큐버스'],year=['2023'],maker=['에바'] | NEDJNHA7:bnm=['에너넷'],busiNm=['인큐버스'],year=['2023'],maker=['에바']",2023;2023
학하지구 제8공영주차장,대전광역시 유성구 학하동 778-2학하지구 제8공영주차장,2,1,2,IVDJNHA8;NEDJNHA8,가능성 높음,동일,에바;에바,동일,"IVDJNHA8:[7.0, 7.0, 100.0] | NEDJNHA8:[7.0, 7.0, 100.0]",다른 사업자(강한 의심),IVDJNHA;NEDJNHA,다름,"IVDJNHA8:bnm=['인큐버스'],busiNm=['인큐버스'],year=['2023'],maker=['에바'] | NEDJNHA8:bnm=['에너넷'],busiNm=['인큐버스'],year=['2023'],maker=['에바']",2023;2023
한국침례신학대학교,대전광역시 유성구 하기동 산15-6 침례신학대학교,4,0,2,IVDJNCRU;NEDJNCRU,가능성 높음,동일,에바;에바,동일,"IVDJNCRU:[7.0, 7.0, 7.0, 7.0] | NEDJNCRU:[7.0, 7.0, 7.0, 7.0]",다른 사업자(강한 의심),IVDJNCRU;NEDJNCRU,다름,"IVDJNCRU:bnm=['인큐버스'],busiNm=['인큐버스'],year=['2022'],maker=['에바'] | NEDJNCRU:bnm=['에너넷'],busiNm=['인큐버스'],year=['2022'],maker=['에바']",2022;2022
한국폴리텍대학 대전캠퍼스 주차장,대전광역시 동구 우암로 352-21가람관 앞 주차장,2,0,2,IVDJNPOL;NEDJNPOL,가능성 높음,동일,에바;에바,동일,"IVDJNPOL:[7.0, 7.0] | NEDJNPOL:[7.0, 7.0]",다른 사업자(강한 의심),IVDJNPOL;NEDJNPOL,다름,"IVDJNPOL:bnm=['인큐버스'],busiNm=['인큐버스'],year=['2022'],maker=['에바'] | NEDJNPOL:bnm=['에너넷'],busiNm=['인큐버스'],year=['2022'],maker=['에바']",2022;2022
한촌공원 공영주차장,대전광역시 대덕구 한밭대로1114번길 34-8한촌공원 공영주차장,2,0,2,IVDJNCHO;NEDJNCHO,가능성 높음,동일,에바;에바,동일,"IVDJNCHO:[7.0, 7.0] | NEDJNCHO:[7.0, 7.0]",다른 사업자(강한 의심),IVDJNCHO;NEDJNCHO,다름,"IVDJNCHO:bnm=['인큐버스'],busiNm=['인큐버스'],year=['2023'],maker=['에바'] | NEDJNCHO:bnm=['에너넷'],busiNm=['인큐버스'],year=['2023'],maker=['에바']",2023;2023
현대성우아파트,서울특별시 강북구 삼양로24길 19,3,0,2,KL002089;PI710783,가능성 높음,동일,클린일렉스;클린일렉스,동일,"KL002089:[7.0, 7.0, 7.0] | PI710783:[7.0, 7.0, 7.0]",다른 사업자(강한 의심),KL;PI,다름,"KL002089:bnm=['클린일렉스'],busiNm=['클린일렉스'],year=['2021'],maker=['클린일렉스'] | PI710783:bnm=['GS차지비'],busiNm=['GS차지비'],year=['2022'],maker=['클린일렉스']",2021;2022
회덕동 공영주차장,대전광역시 대덕구 읍내동 247-3회덕동 공영주차장,2,0,2,IVDJNHWE;NEDJNHWE,가능성 높음,동일,에바;에바,동일,"IVDJNHWE:[7.0, 7.0] | NEDJNHWE:[7.0, 7.0]",다른 사업자(강한 의심),IVDJNHWE;NEDJNHWE,다름,"IVDJNHWE:bnm=['인큐버스'],busiNm=['인큐버스'],year=['2023'],maker=['에바'] | NEDJNHWE:bnm=['에너넷'],busiNm=['인큐버스'],year=['2023'],maker=['에바']",2023;2023
KB차차차 동대구,대구광역시 동구 안심로59길 36,2,0,3,AZ100021;EZ002316;YC100016,,다름,휴맥스이브이;차지인;차지인,동일,"AZ100021:[7.0, 7.0] | EZ002316:[7.0, 7.0] | YC100016:[7.0, 7.0]",다른 사업자(강한 의심),AZ;EZ;YC,다름,"AZ100021:bnm=['이에스앤에이치'],busiNm=['이에스앤에이치'],year=['2026'],maker=['휴맥스이브이'] | EZ002316:bnm=['차지인'],busiNm=['(주)차지인'],year=['2026'],maker=['차지인'] | YC100016:bnm=['노란충전'],busiNm=['(주)차지인'],year=['2026'],maker=['차지인']",2026;2026;2026
인천인재개발원,인천광역시 서해구 심곡로 98,5,0,3,HU320010;L3280176;L3320010,,정보없음,?;?;?,동일,"HU320010:[7.0, 7.0, 7.0, 7.0, 7.0] | L3280176:[7.0, 7.0, 7.0, 7.0, 7.0] | L3320010:[7.0, 7.0, 7.0, 7.0, 7.0]",다른 사업자(강한 의심),HU;L,다름,"HU320010:bnm=['한솔엠에스'],busiNm=['한솔엠에스'],year=['2025'],maker=[''] | L3280176:bnm=['엘쓰리일렉트릭파워'],busiNm=['L3일렉트릭파워'],year=['2025'],maker=[''] | L3320010:bnm=['엘쓰리일렉트릭파워'],busiNm=['L3일렉트릭파워'],year=['2025'],maker=['']",2025;2025;2025
선릉이스타빌,서울특별시 강남구 테헤란로52길 15,2,0,2,CCA00003;TDA00041,,정보없음,?;?,동일,"CCA00003:[7.0, 7.0] | TDA00041:[7.0, 7.0]",다른 사업자(강한 의심),CCA;TDA,다름,"CCA00003:bnm=['코콤'],busiNm=['코콤'],year=['2023'],maker=[''] | TDA00041:bnm=['타디스테크놀로지'],busiNm=['타디스테크놀로지'],year=['2023'],maker=['']",2023;2023
독산자이하우스,서울특별시 금천구 독산로93길 21,1,0,2,CCA00004;TDA00039,,정보없음,?;?,동일,CCA00004:[7.0] | TDA00039:[7.0],다른 사업자(강한 의심),CCA;TDA,다름,"CCA00004:bnm=['코콤'],busiNm=['코콤'],year=['2023'],maker=[''] | TDA00039:bnm=['타디스테크놀로지'],busiNm=['타디스테크놀로지'],year=['2023'],maker=['']",2023;2023
한국수출입은행,서울특별시 영등포구 은행로 38,2,0,2,CSCS1051;PI700564,,다름,?;클린일렉스,동일,"CSCS1051:[7.0, 7.0] | PI700564:[7.0, 7.0]",다른 사업자(강한 의심),CSCS;PI,다름,"CSCS1051:bnm=['한국EV충전서비스센터'],busiNm=['SGIT'],year=['2025'],maker=[''] | PI700564:bnm=['GS차지비'],busiNm=['GS차지비'],year=['2018'],maker=['클린일렉스']",2025;2018
도봉구청,서울특별시 도봉구 마들로 656,0,2,2,CV004481;ST601293,,다름,채비;시그넷,동일,"CV004481:[200.0, 200.0] | ST601293:[200.0, 200.0]",다른 사업자(강한 의심),CV;ST,다름,"CV004481:bnm=['채비'],busiNm=['채비'],year=['2025'],maker=['채비'] | ST601293:bnm=['SK일렉링크'],busiNm=['SK일렉링크'],year=['2024'],maker=['시그넷']",2025;2024
어린이대공원 후문주차장,서울특별시 광진구 능동로 216,0,1,2,DO000057;SE000019,,다름,시그넷;한국알박,동일,DO000057:[50.0] | SE000019:[50.0],다른 사업자(강한 의심),DO;SE,다름,"DO000057:bnm=['대한송유관공사'],busiNm=['대한송유관공사'],year=['2017'],maker=['시그넷'] | SE000019:bnm=['서울시'],busiNm=['서울시'],year=['2021'],maker=['한국알박']",2017;2021
북한산두산위브2차,서울특별시 서대문구 홍은중앙로1길 100,3,0,2,EC000062;LU100866,,정보없음,?;?,동일,"EC000062:[7.0, 7.0, 7.0] | LU100866:[7.0, 7.0, 7.0]",다른 사업자(강한 의심),EC;LU,다름,"EC000062:bnm=['이지차저'],busiNm=['이지차저'],year=['2022'],maker=[''] | LU100866:bnm=['LG유플러스 볼트업'],busiNm=['LG유플러스볼트업'],year=['2025'],maker=['']",2022;2025
LG가산디지털센터,서울특별시 금천구 가산디지털1로 189,4,0,2,EV001760;LU001993,,다름,한국알박;?,동일,"EV001760:[7.0, 7.0, 7.0, 7.0] | LU001993:[7.0, 7.0, 7.0, 7.0]",다른 사업자(강한 의심),EV;LU,다름,"EV001760:bnm=['에버온'],busiNm=['에버온'],year=['2018'],maker=['한국알박'] | LU001993:bnm=['LG유플러스 볼트업'],busiNm=['LG유플러스'],year=['2024'],maker=['']",2018;2024
마포유수지공영주차장,서울특별시 마포구 마포대로1길 9,0,6,2,HE240192;ST114420,,다름,중앙제어;시그넷,동일,"HE240192:[200.0, 200.0, 200.0, 200.0, 200.0, 200.0] | ST114420:[200.0, 200.0, 200.0, 200.0, 200.0, 200.0]",다른 사업자(강한 의심),HE;ST,다름,"HE240192:bnm=['한국전기차충전서비스'],busiNm=['한국전기차충전서비스'],year=['2024'],maker=['중앙제어'] | ST114420:bnm=['SK일렉링크'],busiNm=['SK일렉링크'],year=['2023'],maker=['시그넷']",2024;2023
장영당길 공영주차장,서울특별시 동대문구 천호대로71길 29,0,2,2,HM001509;KP005815,,다름,블루네트웍스;?,동일,"HM001509:[100.0, 100.0] | KP005815:[100.0, 100.0]",다른 사업자(강한 의심),HM;KP,다름,"HM001509:bnm=['휴맥스이브이'],busiNm=['휴맥스이브이'],year=['2023'],maker=['블루네트웍스'] | KP005815:bnm=['한국전력공사'],busiNm=['한국전력'],year=['2024'],maker=['']",2023;2024
신길경남아파트,서울특별시 영등포구 영등포로 351,5,0,2,HU200026;L3000046,,정보없음,?;?,동일,"HU200026:[7.0, 7.0, 7.0, 7.0, 7.0] | L3000046:[7.0, 7.0, 7.0, 7.0, 7.0]",다른 사업자(강한 의심),HU;L,다름,"HU200026:bnm=['한솔엠에스'],busiNm=['한솔엠에스'],year=['2025'],maker=[''] | L3000046:bnm=['엘쓰리일렉트릭파워'],busiNm=['L3일렉트릭파워'],year=['2023'],maker=['']",2025;2023
노량진우성아파트,서울특별시 동작구 만양로8길 50,10,0,2,IN120032;PI711674,,다름,시그넷;클린일렉스,동일,"IN120032:[7.0, 7.0, 7.0, 7.0, 7.0, 7.0, 7.0, 7.0, 7.0, 7.0] | PI711674:[7.0, 7.0, 7.0, 7.0, 7.0, 7.0, 7.0, 7.0, 7.0, 7.0]",다른 사업자(강한 의심),IN;PI,다름,"IN120032:bnm=['신세계아이앤씨'],busiNm=['신세계아이앤씨'],year=['2023'],maker=['시그넷'] | PI711674:bnm=['GS차지비'],busiNm=['GS차지비'],year=['2022'],maker=['클린일렉스']",2023;2022
용산KCC스위첸,서울특별시 용산구 백범로 275,2,0,2,KL001185;LU101715,,다름,클린일렉스;?,동일,"KL001185:[7.0, 7.0] | LU101715:[7.0, 7.0]",다른 사업자(강한 의심),KL;LU,다름,"KL001185:bnm=['클린일렉스'],busiNm=['클린일렉스'],year=['2020'],maker=['클린일렉스'] | LU101715:bnm=['LG유플러스 볼트업'],busiNm=['LG유플러스볼트업'],year=['2026'],maker=['']",2020;2026
강남자곡힐스테이트,서울특별시 강남구 자곡로3길 21,21,0,2,LU003518;PI711602,,다름,?;클린일렉스,동일,"LU003518:[7.0, 7.0, 7.0, 7.0, 7.0, 7.0, 7.0, 7.0, 7.0, 7.0, 7.0, 7.0, 7.0, 7.0, 7.0, 7.0, 7.0, 7.0, 7.0, 7.0, 7.0] | PI711602:[7.0, 7.0, 7.0, 7.0, 7.0, 7.0, 7.0, 7.0, 7.0, 7.0, 7.0, 7.0, 7.0, 7.0, 7.0, 7.0, 7.0, 7.0, 7.0, 7.0, 7.0]",다른 사업자(강한 의심),LU;PI,다름,"LU003518:bnm=['LG유플러스 볼트업'],busiNm=['LG유플러스볼트업'],year=['2025'],maker=[''] | PI711602:bnm=['GS차지비'],busiNm=['GS차지비'],year=['2022'],maker=['클린일렉스']",2025;2022
상계대림아파트,서울 노원구 동일로239길 68,3,0,2,LU100137;PL033126,,다름,?;에바,동일,"LU100137:[7.0, 7.0, 7.0] | PL033126:[7.0, 7.0, 7.0]",다른 사업자(강한 의심),LU;PL,다름,"LU100137:bnm=['LG유플러스 볼트업'],busiNm=['LG유플러스볼트업'],year=['2025'],maker=[''] | PL033126:bnm=['플러그링크'],busiNm=['플러그링크'],year=['2026'],maker=['에바']",2025;2026
브라운스톤암사아파트,서울특별시 강동구 올림픽로92길 61,3,0,2,LU100331;PIH01182,,다름,?;시그넷,동일,"LU100331:[7.0, 7.0, 7.0] | PIH01182:[7.0, 7.0, 7.0]",다른 사업자(강한 의심),LU;PIH,다름,"LU100331:bnm=['LG유플러스 볼트업'],busiNm=['LG유플러스볼트업'],year=['2025'],maker=[''] | PIH01182:bnm=['GS차지비'],busiNm=['GS차지비'],year=['2022'],maker=['시그넷']",2025;2022
갈현베르빌주상복합아파트,서울특별시 은평구 연서로 149,5,0,2,LU100687;PI751482,,정보없음,?;?,동일,"LU100687:[7.0, 7.0, 7.0, 7.0, 7.0] | PI751482:[7.0, 7.0, 7.0, 7.0, 7.0]",다른 사업자(강한 의심),LU;PI,다름,"LU100687:bnm=['LG유플러스 볼트업'],busiNm=['LG유플러스볼트업'],year=['2025'],maker=[''] | PI751482:bnm=['GS차지비'],busiNm=['GS차지비'],year=['2022'],maker=['']",2025;2022
유원강변아파트,서울특별시 동작구 노량진로23가길 20,7,0,2,PI763499;PL003359,,다름,에바;?,동일,"PI763499:[7.0, 7.0, 7.0, 7.0, 7.0, 7.0, 7.0] | PL003359:[7.0, 7.0, 7.0, 7.0, 7.0, 7.0, 7.0]",다른 사업자(강한 의심),PI;PL,다름,"PI763499:bnm=['GS차지비'],busiNm=['GS차지비'],year=['2022'],maker=['에바'] | PL003359:bnm=['플러그링크'],busiNm=['플러그링크'],year=['2025'],maker=['']",2022;2025
만리산주거지전용주차장,부산광역시 부산진구 엄광로 491,0,1,2,ME22C1B6;ST600790,,다름,채비;모던텍,동일,ME22C1B6:[100.0] | ST600790:[100.0],다른 사업자(강한 의심),ME;ST,다름,"ME22C1B6:bnm=['기후에너지환경부'],busiNm=['기후에너지환경부'],year=['2022'],maker=['채비'] | ST600790:bnm=['SK일렉링크'],busiNm=['SK 일렉링크'],year=['2024'],maker=['모던텍']",2022;2024
조은클래스(오피스텔),부산광역시 기장군 정관읍 정관로 590,10,0,2,CCL00001;TDL00005,,정보없음,?;?,동일,"CCL00001:[7.0, 7.0, 7.0, 7.0, 7.0, 7.0, 7.0, 7.0, 7.0, 7.0] | TDL00005:[7.0, 7.0, 7.0, 7.0, 7.0, 7.0, 7.0, 7.0, 7.0, 7.0]",다른 사업자(강한 의심),CCL;TDL,다름,"CCL00001:bnm=['코콤'],busiNm=['코콤'],year=['2023'],maker=[''] | TDL00005:bnm=['타디스테크놀로지'],busiNm=['타디스테크놀로지'],year=['2024'],maker=['']",2023;2024
청학동한일유앤아이아파트,부산광역시 영도구 일산봉로 58,3,0,2,PI772664;PW013919,,다름,에바;?,동일,"PI772664:[7.0, 7.0, 7.0] | PW013919:[7.0, 7.0, 7.0]",다른 사업자(강한 의심),PI;PW,다름,"PI772664:bnm=['GS차지비'],busiNm=['GS차지비'],year=['2025'],maker=['에바'] | PW013919:bnm=['파워큐브'],busiNm=['파워큐브'],year=['2022'],maker=['']",2025;2022
동래봉생병원 장례식장,부산광역시 동래구 충렬대로348번길 23,1,0,2,SO000096;SOA43001,,정보없음,?;?,동일,SO000096:[7.0] | SOA43001:[7.0],다른 사업자(강한 의심),SO;SOA,다름,"SO000096:bnm=['선광시스템'],busiNm=['㈜선광시스템'],year=['2025'],maker=[''] | SOA43001:bnm=['선광시스템'],busiNm=['㈜선광시스템'],year=['2023'],maker=['']",2025;2023
대청초등학교,대구광역시 수성구 교학로12길 42,1,0,2,AZ100013;EZ002299,,다름,휴맥스이브이;차지인,동일,AZ100013:[7.0] | EZ002299:[7.0],다른 사업자(강한 의심),AZ;EZ,다름,"AZ100013:bnm=['이에스앤에이치'],busiNm=['이에스앤에이치'],year=['2023'],maker=['휴맥스이브이'] | EZ002299:bnm=['차지인'],busiNm=['(주)차지인'],year=['2024'],maker=['차지인']",2023;2024
대구세강병원,대구광역시 달서구 구마로 220,8,0,2,AZ100017;YC100007,,다름,휴맥스이브이;차지인,동일,"AZ100017:[7.0, 7.0, 7.0, 7.0, 7.0, 7.0, 7.0, 7.0] | YC100007:[7.0, 7.0, 7.0, 7.0, 7.0, 7.0, 7.0, 7.0]",다른 사업자(강한 의심),AZ;YC,다름,"AZ100017:bnm=['이에스앤에이치'],busiNm=['이에스앤에이치'],year=['2025'],maker=['휴맥스이브이'] | YC100007:bnm=['노란충전'],busiNm=['(주)차지인'],year=['2025'],maker=['차지인']",2025;2025
올인워크,대구광역시 동구 동부로30길 102-3,4,0,2,AZ100020;YC100015,,다름,휴맥스이브이;차지인,동일,"AZ100020:[7.0, 7.0, 7.0, 7.0] | YC100015:[7.0, 7.0, 7.0, 7.0]",다른 사업자(강한 의심),AZ;YC,다름,"AZ100020:bnm=['이에스앤에이치'],busiNm=['이에스앤에이치'],year=['2025'],maker=['휴맥스이브이'] | YC100015:bnm=['노란충전'],busiNm=['(주)차지인'],year=['2026'],maker=['차지인']",2025;2026
모빌리티기술혁신센터,대구광역시 달성군 유가읍 테크노순환로 356,2,0,2,AZ100022;YC100008,,다름,휴맥스이브이;차지인,동일,"AZ100022:[7.0, 7.0] | YC100008:[7.0, 7.0]",다른 사업자(강한 의심),AZ;YC,다름,"AZ100022:bnm=['이에스앤에이치'],busiNm=['이에스앤에이치'],year=['2026'],maker=['휴맥스이브이'] | YC100008:bnm=['노란충전'],busiNm=['(주)차지인'],year=['2025'],maker=['차지인']",2026;2025
송해공원골프클럽,대구광역시 달성군 옥포읍 옥포로 607,3,0,2,CCP00001;TDP00011,,정보없음,?;?,동일,"CCP00001:[7.0, 7.0, 7.0] | TDP00011:[7.0, 7.0, 7.0]",다른 사업자(강한 의심),CCP;TDP,다름,"CCP00001:bnm=['코콤'],busiNm=['코콤'],year=['2023'],maker=[''] | TDP00011:bnm=['타디스테크놀로지'],busiNm=['타디스테크놀로지'],year=['2024'],maker=['']",2023;2024
대구역센트럴자이,대구광역시 중구 서성로 99,10,0,2,ER000384;HM000355,,다름,?;휴맥스이브이,동일,"ER000384:[7.0, 7.0, 7.0, 7.0, 7.0, 7.0, 7.0, 7.0, 7.0, 7.0] | HM000355:[7.0, 7.0, 7.0, 7.0, 7.0, 7.0, 7.0, 7.0, 7.0, 7.0]",다른 사업자(강한 의심),ER;HM,다름,"ER000384:bnm=['이엘일렉트릭'],busiNm=['위브이'],year=['2025'],maker=[''] | HM000355:bnm=['휴맥스이브이'],busiNm=['HUMAX EV'],year=['2022'],maker=['휴맥스이브이']",2025;2022
수성하이츠,대구광역시 수성구 수성로 393,2,0,2,HE192131;LU000561,,다름,?;에바,동일,"HE192131:[7.0, 7.0] | LU000561:[7.0, 7.0]",다른 사업자(강한 의심),HE;LU,다름,"HE192131:bnm=['한국전기차충전서비스'],busiNm=['한국전기차충전서비스'],year=['2019'],maker=[''] | LU000561:bnm=['LG유플러스 볼트업'],busiNm=['엘지유플러스'],year=['2020'],maker=['에바']",2019;2020
수성영남타운,대구광역시 수성구 달구벌대로456길 43,5,0,2,HM000853;LU101015,,다름,휴맥스이브이;?,동일,"HM000853:[7.0, 7.0, 7.0, 7.0, 7.0] | LU101015:[7.0, 7.0, 7.0, 7.0, 7.0]",다른 사업자(강한 의심),HM;LU,다름,"HM000853:bnm=['휴맥스이브이'],busiNm=['휴맥스이브이'],year=['2022'],maker=['휴맥스이브이'] | LU101015:bnm=['LG유플러스 볼트업'],busiNm=['LG유플러스볼트업'],year=['2025'],maker=['']",2022;2025
대실역태왕아너스,대구광역시 달성군 다사읍 대실역남로 11,9,0,2,HM001076;PI710697,,다름,?;클린일렉스,동일,"HM001076:[7.0, 7.0, 7.0, 7.0, 7.0, 7.0, 7.0, 7.0, 7.0] | PI710697:[7.0, 7.0, 7.0, 7.0, 7.0, 7.0, 7.0, 7.0, 7.0]",다른 사업자(강한 의심),HM;PI,다름,"HM001076:bnm=['휴맥스이브이'],busiNm=['휴맥스이브이'],year=['2022'],maker=[''] | PI710697:bnm=['GS차지비'],busiNm=['GS차지비'],year=['2022'],maker=['클린일렉스']",2022;2022
성서2차서한타운,대구광역시 달서구 선원로 122,10,0,2,HM001814;PL007817,,다름,휴맥스이브이;?,동일,"HM001814:[7.0, 7.0, 7.0, 7.0, 7.0, 7.0, 7.0, 7.0, 7.0, 7.0] | PL007817:[7.0, 7.0, 7.0, 7.0, 7.0, 7.0, 7.0, 7.0, 7.0, 7.0]",다른 사업자(강한 의심),HM;PL,다름,"HM001814:bnm=['휴맥스이브이'],busiNm=['휴맥스이브이'],year=['2023'],maker=['휴맥스이브이'] | PL007817:bnm=['플러그링크'],busiNm=['플러그링크'],year=['2025'],maker=['']",2023;2025
강변효성백년가약,대구광역시 남구 봉덕로 135,15,0,2,PW100498;TS272002,,정보없음,?;?,동일,"PW100498:[7.0, 7.0, 7.0, 7.0, 7.0, 7.0, 7.0, 7.0, 7.0, 7.0, 7.0, 7.0, 7.0, 7.0, 7.0] | TS272002:[7.0, 7.0, 7.0, 7.0, 7.0, 7.0, 7.0, 7.0, 7.0, 7.0, 7.0, 7.0, 7.0, 7.0, 7.0]",다른 사업자(강한 의심),PW;TS,다름,"PW100498:bnm=['파워큐브'],busiNm=['파워큐브'],year=['2022'],maker=[''] | TS272002:bnm=['태성콘텍'],busiNm=['주식회사 태성콘텍'],year=['2025'],maker=['']",2022;2025
인천백병원,인천광역시 제물포구 샛골로 214,2,0,2,AM900059;EC004634,,다름,이카플러그;?,동일,"AM900059:[7.0, 7.0] | EC004634:[7.0, 7.0]",다른 사업자(강한 의심),AM;EC,다름,"AM900059:bnm=['아마노코리아'],busiNm=['아마노코리아'],year=['2024'],maker=['이카플러그'] | EC004634:bnm=['이지차저'],busiNm=['이지차저'],year=['2023'],maker=['']",2024;2023
연희동남아파트,인천광역시 서해구 심곡로132번길 17,5,0,2,CU320006;HU320005,,다름,씨어스;?,동일,"CU320006:[7.0, 7.0, 7.0, 7.0, 7.0] | HU320005:[7.0, 7.0, 7.0, 7.0, 7.0]",다른 사업자(강한 의심),CU;HU,다름,"CU320006:bnm=['씨어스'],busiNm=['씨어스'],year=['2022'],maker=['씨어스'] | HU320005:bnm=['한솔엠에스'],busiNm=['한솔엠에스'],year=['2026'],maker=['']",2022;2026
조동초등학교_인천,인천광역시 남동구 백범로124번길 164,1,0,2,HU320013;L3280173,,정보없음,?;?,동일,HU320013:[7.0] | L3280173:[7.0],다른 사업자(강한 의심),HU;L,다름,"HU320013:bnm=['한솔엠에스'],busiNm=['한솔엠에스'],year=['2025'],maker=[''] | L3280173:bnm=['엘쓰리일렉트릭파워'],busiNm=['(주)엘쓰리일렉트릭파워'],year=['2025'],maker=['']",2025;2025
송도테크노파크IT센터,인천광역시 연수구 송도과학로 32,4,0,2,LU101614;PI751037,,다름,휴맥스이브이;?,동일,"LU101614:[7.0, 7.0, 7.0, 7.0] | PI751037:[7.0, 7.0, 7.0, 7.0]",다른 사업자(강한 의심),LU;PI,다름,"LU101614:bnm=['LG유플러스 볼트업'],busiNm=['LG유플러스볼트업'],year=['2026'],maker=['휴맥스이브이'] | PI751037:bnm=['GS차지비'],busiNm=['GS차지비'],year=['2022'],maker=['']",2026;2022
월드메르디앙아파트,인천광역시 서해구 신석로 71,6,0,2,PI001728;PIH00285,,다름,스타코프;시그넷,동일,"PI001728:[3.0, 3.0, 3.0, 3.0, 3.0, 3.0] | PIH00285:[3.0, 3.0, 3.0, 3.0, 3.0, 3.0]",다른 사업자(강한 의심),PI;PIH,동일,"PI001728:bnm=['GS차지비'],busiNm=['GS차지비'],year=['2022'],maker=['스타코프'] | PIH00285:bnm=['GS차지비'],busiNm=['GS차지비'],year=['2022'],maker=['시그넷']",2022;2022
인천 서구 청라웰카운티1차아파트,인천광역시 서해구 청라에메랄드로 156,22,1,2,PIS00391;PL032319,,정보없음,"에바,휴맥스이브이;중앙제어,한국알박",동일,"PIS00391:[7.0, 7.0, 7.0, 7.0, 7.0, 7.0, 7.0, 7.0, 7.0, 7.0, 7.0, 7.0, 7.0, 7.0, 7.0, 7.0, 7.0, 7.0, 7.0, 7.0, 7.0, 7.0, 50.0] | PL032319:[7.0, 7.0, 7.0, 7.0, 7.0, 7.0, 7.0, 7.0, 7.0, 7.0, 7.0, 7.0, 7.0, 7.0, 7.0, 7.0, 7.0, 7.0, 7.0, 7.0, 7.0, 7.0, 50.0]",다른 사업자(강한 의심),PIS;PL,다름,"PIS00391:bnm=['GS차지비'],busiNm=['GS차지비'],year=['2024'],maker=['에바', '휴맥스이브이'] | PL032319:bnm=['플러그링크'],busiNm=['플러그링크'],year=['2025'],maker=['중앙제어', '한국알박']",2024;2025
이안테라디움제물포 ,인천광역시 미추홀구 경인로 26,2,0,2,SO000067;SOA70001,,정보없음,?;?,동일,"SO000067:[7.0, 7.0] | SOA70001:[7.0, 7.0]",다른 사업자(강한 의심),SO;SOA,다름,"SO000067:bnm=['선광시스템'],busiNm=['㈜선광시스템'],year=['2025'],maker=[''] | SOA70001:bnm=['선광시스템'],busiNm=['㈜선광시스템'],year=['2026'],maker=['']",2025;2026
대전서부경찰서,대전광역시 서구 복수서로 47,0,2,2,ME22C254;KP005842,,다름,"채비;광명DNC,피에스텍",동일,"ME22C254:[100.0, 100.0] | KP005842:[100.0, 100.0]",다른 사업자(강한 의심),KP;ME,다름,"ME22C254:bnm=['기후에너지환경부'],busiNm=['기후에너지환경부'],year=['2022'],maker=['채비'] | KP005842:bnm=['한국전력공사'],busiNm=['한국전력'],year=['2024'],maker=['광명DNC', '피에스텍']",2022;2024
디티비안더블유오피스텔,대전광역시 유성구 테크노3로 66,3,0,2,CV000475;JE090007,,다름,채비;휴맥스이브이,동일,"CV000475:[7.0, 7.0, 7.0] | JE090007:[7.0, 7.0, 7.0]",다른 사업자(강한 의심),CV;JE,다름,"CV000475:bnm=['채비'],busiNm=['채비'],year=['2019'],maker=['채비'] | JE090007:bnm=['제주전기자동차서비스'],busiNm=['제주전기자동차서비스'],year=['2018', '2023'],maker=['휴맥스이브이']","2019;2018,2023"
대전제일교회,대전광역시 동구 대전로813번길 34,1,0,2,HU420006;L3000121,,정보없음,?;?,동일,HU420006:[7.0] | L3000121:[7.0],다른 사업자(강한 의심),HU;L,다름,"HU420006:bnm=['한솔엠에스'],busiNm=['한솔엠에스'],year=['2025'],maker=[''] | L3000121:bnm=['엘쓰리일렉트릭파워'],busiNm=['L3일렉트릭파워'],year=['2023'],maker=['']",2025;2023
맑은아침아파트,대전광역시 서구 갈마로 262,5,0,2,LU000455;PW100954,,다름,중앙제어;?,동일,"LU000455:[7.0, 7.0, 7.0, 7.0, 7.0] | PW100954:[7.0, 7.0, 7.0, 7.0, 7.0]",다른 사업자(강한 의심),LU;PW,다름,"LU000455:bnm=['LG유플러스 볼트업'],busiNm=['엘지유플러스'],year=['2021'],maker=['중앙제어'] | PW100954:bnm=['파워큐브'],busiNm=['파워큐브'],year=['2022'],maker=['']",2021;2022
효성삼환아파트,울산광역시 북구 통샘10길 9,17,0,2,HE240518;LU101089,,다름,중앙제어;?,동일,"HE240518:[7.0, 7.0, 7.0, 7.0, 7.0, 7.0, 7.0, 7.0, 7.0, 7.0, 7.0, 7.0, 7.0, 7.0, 7.0, 7.0, 7.0] | LU101089:[7.0, 7.0, 7.0, 7.0, 7.0, 7.0, 7.0, 7.0, 7.0, 7.0, 7.0, 7.0, 7.0, 7.0, 7.0, 7.0, 7.0]",다른 사업자(강한 의심),HE;LU,다름,"HE240518:bnm=['한국전기차충전서비스'],busiNm=['한국전기차충전서비스(주)'],year=['2026'],maker=['중앙제어'] | LU101089:bnm=['LG유플러스 볼트업'],busiNm=['LG유플러스볼트업'],year=['2025'],maker=['']",2026;2025
유곡e편한세상,울산광역시 중구 평동3길 2,11,0,2,HM000413;LU001223,,다름,휴맥스이브이;에바,동일,"HM000413:[7.0, 7.0, 7.0, 7.0, 7.0, 7.0, 7.0, 7.0, 7.0, 7.0, 7.0] | LU001223:[7.0, 7.0, 7.0, 7.0, 7.0, 7.0, 7.0, 7.0, 7.0, 7.0, 7.0]",다른 사업자(강한 의심),HM;LU,다름,"HM000413:bnm=['휴맥스이브이'],busiNm=['HUMAX EV'],year=['2022'],maker=['휴맥스이브이'] | LU001223:bnm=['LG유플러스 볼트업'],busiNm=['엘지유플러스'],year=['2024'],maker=['에바']",2022;2024
부산남부경찰서,부산광역시 남구 황령대로319번가길 81,0,2,3,ME22C256;BNOH3901;ST601309,,다름,채비;블루네트웍스;?,다름,"ME22C256:[100.0, 100.0] | BNOH3901:[100.0, 100.0] | ST601309:[200.0, 200.0]",다른 사업자(강한 의심),BNOH;ME;ST,다름,"ME22C256:bnm=['기후에너지환경부'],busiNm=['기후에너지환경부'],year=['2022'],maker=['채비'] | BNOH3901:bnm=['블루네트웍스'],busiNm=['블루네트웍스'],year=['2022'],maker=['블루네트웍스'] | ST601309:bnm=['SK일렉링크'],busiNm=['SK일렉링크'],year=['2025'],maker=['']",2022;2022;2025
화곡6-1 공영주차장,서울특별시 강서구 우장산로 114,0,1,2,ME21B131;DO000052,,다름,채비;시그넷,다름,ME21B131:[100.0] | DO000052:[50.0],다른 사업자(강한 의심),DO;ME,다름,"ME21B131:bnm=['기후에너지환경부'],busiNm=['기후에너지환경부'],year=['2021'],maker=['채비'] | DO000052:bnm=['대한송유관공사'],busiNm=['대한송유관공사'],year=['2017'],maker=['시그넷']",2021;2017
볏골공원 공영주차장,서울특별시 강서구 까치산로4길 22,0,1,2,ME21B132;DO000051,,다름,채비;시그넷,다름,ME21B132:[100.0] | DO000051:[50.0],다른 사업자(강한 의심),DO;ME,다름,"ME21B132:bnm=['기후에너지환경부'],busiNm=['기후에너지환경부'],year=['2021'],maker=['채비'] | DO000051:bnm=['대한송유관공사'],busiNm=['대한송유관공사'],year=['2017'],maker=['시그넷']",2021;2017
가오리 공영주차장,서울특별시 강북구 삼양로107길 30,0,1,2,BT000021;SE000224,,다름,보타리에너지;채비,다름,BT000021:[50.0] | SE000224:[100.0],다른 사업자(강한 의심),BT;SE,다름,"BT000021:bnm=['보타리에너지'],busiNm=['보타리에너지'],year=['2023'],maker=['보타리에너지'] | SE000224:bnm=['서울시'],busiNm=['서울에너지공사'],year=['2026'],maker=['채비']",2023;2026
냉천길 공영주차장,서울특별시 강북구 삼양로 230-12,0,1,2,BT000083;SE000222,,다름,보타리에너지;채비,다름,BT000083:[50.0] | SE000222:[100.0],다른 사업자(강한 의심),BT;SE,다름,"BT000083:bnm=['보타리에너지'],busiNm=['보타리에너지'],year=['2023'],maker=['보타리에너지'] | SE000222:bnm=['서울시'],busiNm=['서울에너지공사'],year=['2026'],maker=['채비']",2023;2026
행복한백화점,서울특별시 양천구 목동동로 309,0,2,2,GO000082;ST114701,,다름,블루네트웍스;시그넷,다름,"GO000082:[100.0, 100.0] | ST114701:[50.0, 50.0]",다른 사업자(강한 의심),GO;ST,다름,"GO000082:bnm=['유한회사 골드에너지'],busiNm=['유한회사 골드에너지'],year=['2023'],maker=['블루네트웍스'] | ST114701:bnm=['SK일렉링크'],busiNm=['SK일렉링크'],year=['2020'],maker=['시그넷']",2023;2020
정릉한일유앤아이아파트,서울특별시 성북구 보국문로37길 14-5,3,0,2,KL001927;PI803208,,다름,클린일렉스;?,다름,"KL001927:[7.0, 14.0, 14.0] | PI803208:[7.0, 7.0, 7.0]",다른 사업자(강한 의심),KL;PI,다름,"KL001927:bnm=['클린일렉스'],busiNm=['클린일렉스'],year=['2021'],maker=['클린일렉스'] | PI803208:bnm=['GS차지비'],busiNm=['GS차지비'],year=['2025'],maker=['']",2021;2025
예성그린캐슬아파트,서울특별시 중랑구 용마산로112가길 34,5,0,2,LU004315;SF001244,,다름,?;스타코프,다름,"LU004315:[7.0, 7.0, 7.0, 7.0, 7.0] | SF001244:[3.0, 3.0, 3.0, 3.0, 3.0]",다른 사업자(강한 의심),LU;SF,다름,"LU004315:bnm=['LG유플러스 볼트업'],busiNm=['LG유플러스볼트업'],year=['2025'],maker=[''] | SF001244:bnm=['스타코프'],busiNm=['(주)스타코프', '스타코프'],year=['2022'],maker=['스타코프']",2025;2022
남현우림루미아트,서울특별시 관악구 남현길 91,2,0,2,LU100483;PI708491,,다름,?;클린일렉스,다름,"LU100483:[7.0, 7.0] | PI708491:[14.0, 14.0]",다른 사업자(강한 의심),LU;PI,다름,"LU100483:bnm=['LG유플러스 볼트업'],busiNm=['LG유플러스볼트업'],year=['2025'],maker=[''] | PI708491:bnm=['GS차지비'],busiNm=['GS차지비'],year=['2021'],maker=['클린일렉스']",2025;2021
에이스테크노타워1차,서울특별시 구로구 디지털로31길 38-9,3,0,2,OS300042;PI708629,,다름,스타코프;클린일렉스,다름,"OS300042:[7.0, 7.0, 7.0] | PI708629:[7.0, 14.0, 14.0]",다른 사업자(강한 의심),OS;PI,다름,"OS300042:bnm=['온스테이션'],busiNm=['온스테이션'],year=['2025'],maker=['스타코프'] | PI708629:bnm=['GS차지비'],busiNm=['GS차지비'],year=['2021'],maker=['클린일렉스']",2025;2021
송파건원여미지아파트,서울특별시 송파구 마천로35길 12,2,0,2,PIH00202;PL030900,,다름,시그넷;?,다름,"PIH00202:[3.0, 3.0] | PL030900:[7.0, 7.0]",다른 사업자(강한 의심),PIH;PL,다름,"PIH00202:bnm=['GS차지비'],busiNm=['GS차지비'],year=['2022'],maker=['시그넷'] | PL030900:bnm=['플러그링크'],busiNm=['플러그링크'],year=['2025'],maker=['']",2022;2025
금강케이씨씨아파트,서울특별시 광진구 아차산로36길 13,2,0,2,PIH00239;PL010934,,다름,시그넷;?,다름,"PIH00239:[3.0, 3.0] | PL010934:[7.0, 7.0]",다른 사업자(강한 의심),PIH;PL,다름,"PIH00239:bnm=['GS차지비'],busiNm=['GS차지비'],year=['2022'],maker=['시그넷'] | PL010934:bnm=['플러그링크'],busiNm=['플러그링크'],year=['2025'],maker=['']",2022;2025
삼우그린타운,대구광역시 북구 매천로8길 35,12,0,2,PI306085;SF002645,,다름,중앙제어;스타코프,다름,"PI306085:[7.0, 7.0, 7.0, 7.0, 7.0, 7.0, 7.0, 7.0, 7.0, 7.0, 7.0, 7.0] | SF002645:[3.0, 3.0, 3.0, 3.0, 3.0, 3.0, 3.0, 3.0, 3.0, 3.0, 3.0, 3.0]",다른 사업자(강한 의심),PI;SF,다름,"PI306085:bnm=['GS차지비'],busiNm=['GS차지비'],year=['2019', '2022', '2024'],maker=['', '중앙제어'] | SF002645:bnm=['스타코프'],busiNm=['스타코프(주)스타코프'],year=['2023'],maker=['스타코프']","2019,2022,2024;2023"
월배역라온프라이빗,대구광역시 달서구 월배로33길 53,3,0,2,PW100986;PWE03650,,정보없음,?;?,다름,"PW100986:[7.0, 7.0, 7.0] | PWE03650:[3.0, 3.0, 3.0]",다른 사업자(강한 의심),PW;PWE,다름,"PW100986:bnm=['파워큐브'],busiNm=['파워큐브(SP)'],year=['2023'],maker=[''] | PWE03650:bnm=['파워큐브'],busiNm=['파워큐브'],year=['2023'],maker=['']",2023;2023
돌산마루1호 공영주차장,인천광역시 남동구 용천로176번길 70,0,2,2,BNKE0502;ST282010,,다름,블루네트웍스;시그넷,다름,"BNKE0502:[50.0, 50.0] | ST282010:[100.0, 100.0]",다른 사업자(강한 의심),BNKE;ST,다름,"BNKE0502:bnm=['블루네트웍스'],busiNm=['블루네트웍스'],year=['2023'],maker=['블루네트웍스'] | ST282010:bnm=['SK일렉링크'],busiNm=['SK일렉링크'],year=['2023'],maker=['시그넷']",2023;2023
일신주공아파트,인천광역시 부평구 항동로75번길 11,3,0,2,CV001381;PI708653,,다름,채비;클린일렉스,다름,"CV001381:[7.0, 7.0, 7.0] | PI708653:[7.0, 14.0, 14.0]",다른 사업자(강한 의심),CV;PI,다름,"CV001381:bnm=['채비'],busiNm=['채비'],year=['2022'],maker=['채비'] | PI708653:bnm=['GS차지비'],busiNm=['GS차지비'],year=['2021'],maker=['클린일렉스']",2022;2021
검단2차풍림아이원아파트,인천광역시 검단구 완정로64번길 23,2,0,2,PI001716;PIH00814,,다름,스타코프;시그넷,다름,"PI001716:[3.0, 3.0] | PIH00814:[7.0, 7.0]",다른 사업자(강한 의심),PI;PIH,동일,"PI001716:bnm=['GS차지비'],busiNm=['GS차지비'],year=['2022'],maker=['스타코프'] | PIH00814:bnm=['GS차지비'],busiNm=['GS차지비'],year=['2022'],maker=['시그넷']",2022;2022
한국수자원공사,대전광역시 대덕구 신탄진로 200,0,2,2,CV000890;KP005075,,다름,"채비;남부산전,클린일렉스",다름,"CV000890:[50.0, 50.0] | KP005075:[50.0, 100.0]",다른 사업자(강한 의심),CV;KP,다름,"CV000890:bnm=['채비'],busiNm=['채비'],year=['2021'],maker=['채비'] | KP005075:bnm=['한국전력공사'],busiNm=['한국전력'],year=['2022'],maker=['남부산전', '클린일렉스']",2021;2022
인천 송현동 솔빛마을주공1차,인천광역시 제물포구 송현로 50,6,0,6,HY000631;HY000632;HY000634;HY000635;HY000636;HY000637,,,?;?;?;?;?;?,동일,"HY000631:[7.0, 7.0, 7.0, 7.0, 7.0, 7.0] | HY000632:[7.0, 7.0, 7.0, 7.0, 7.0, 7.0] | HY000634:[7.0, 7.0, 7.0, 7.0, 7.0, 7.0] | HY000635:[7.0, 7.0, 7.0, 7.0, 7.0, 7.0] | HY000636:[7.0, 7.0, 7.0, 7.0, 7.0, 7.0] | HY000637:[7.0, 7.0, 7.0, 7.0, 7.0, 7.0]",동일 사업자(약한 의심),HY,동일,"HY000631:bnm=['현대엔지니어링'],busiNm=['현대엔지니어링'],year=['2023'],maker=[''] | HY000632:bnm=['현대엔지니어링'],busiNm=['현대엔지니어링'],year=['2023'],maker=[''] | HY000634:bnm=['현대엔지니어링'],busiNm=['현대엔지니어링'],year=['2023'],maker=[''] | HY000635:bnm=['현대엔지니어링'],busiNm=['현대엔지니어링'],year=['2023'],maker=[''] | HY000636:bnm=['현대엔지니어링'],busiNm=['현대엔지니어링'],year=['2023'],maker=[''] | HY000637:bnm=['현대엔지니어링'],busiNm=['현대엔지니어링'],year=['2023'],maker=['']",2023;2023;2023;2023;2023;2023
부산정관도서관,부산광역시 기장군 정관읍 방곡리 442 소두방공원관리동,1,0,4,BNOH4001;BNOH4002;BNOH4003;BNOH4004,,,블루네트웍스;블루네트웍스;블루네트웍스;블루네트웍스,동일,BNOH4001:[7.0] | BNOH4002:[7.0] | BNOH4003:[7.0] | BNOH4004:[7.0],동일 사업자(약한 의심),BNOH,동일,"BNOH4001:bnm=['블루네트웍스'],busiNm=['블루네트웍스'],year=['2023'],maker=['블루네트웍스'] | BNOH4002:bnm=['블루네트웍스'],busiNm=['블루네트웍스'],year=['2023'],maker=['블루네트웍스'] | BNOH4003:bnm=['블루네트웍스'],busiNm=['블루네트웍스'],year=['2023'],maker=['블루네트웍스'] | BNOH4004:bnm=['블루네트웍스'],busiNm=['블루네트웍스'],year=['2023'],maker=['블루네트웍스']",2023;2023;2023;2023
대구 지산동서맨션,대구광역시 수성구 지산로 56,2,0,4,HY000740;HY000741;HY000742;HY000743,,,?;?;?;?,동일,"HY000740:[7.0, 7.0] | HY000741:[7.0, 7.0] | HY000742:[7.0, 7.0] | HY000743:[7.0, 7.0]",동일 사업자(약한 의심),HY,동일,"HY000740:bnm=['현대엔지니어링'],busiNm=['현대엔지니어링'],year=['2024'],maker=[''] | HY000741:bnm=['현대엔지니어링'],busiNm=['현대엔지니어링'],year=['2024'],maker=[''] | HY000742:bnm=['현대엔지니어링'],busiNm=['현대엔지니어링'],year=['2024'],maker=[''] | HY000743:bnm=['현대엔지니어링'],busiNm=['현대엔지니어링'],year=['2024'],maker=['']",2024;2024;2024;2024
울산 서부성원상떼빌,울산광역시 동구 봉수로 450,4,0,4,HY000693;HY000696;HY000697;HY000698,,,?;?;?;?,동일,"HY000693:[7.0, 7.0, 7.0, 7.0] | HY000696:[7.0, 7.0, 7.0, 7.0] | HY000697:[7.0, 7.0, 7.0, 7.0] | HY000698:[7.0, 7.0, 7.0, 7.0]",동일 사업자(약한 의심),HY,동일,"HY000693:bnm=['현대엔지니어링'],busiNm=['현대엔지니어링'],year=['2023'],maker=[''] | HY000696:bnm=['현대엔지니어링'],busiNm=['현대엔지니어링'],year=['2023'],maker=[''] | HY000697:bnm=['현대엔지니어링'],busiNm=['현대엔지니어링'],year=['2023'],maker=[''] | HY000698:bnm=['현대엔지니어링'],busiNm=['현대엔지니어링'],year=['2023'],maker=['']",2023;2023;2023;2023
서울교통공사 본사(시민개방 충전소),서울특별시 성동구 용답동 223-13,0,2,3,CG000020;CG000021;CG000022,,,휴맥스이브이;휴맥스이브이;휴맥스이브이,동일,"CG000020:[100.0, 100.0] | CG000021:[100.0, 100.0] | CG000022:[100.0, 100.0]",동일 사업자(약한 의심),CG,동일,"CG000020:bnm=['서울씨엔지'],busiNm=['서울씨엔지(서울이브이)'],year=['2024'],maker=['휴맥스이브이'] | CG000021:bnm=['서울씨엔지'],busiNm=['서울씨엔지(서울이브이)'],year=['2024'],maker=['휴맥스이브이'] | CG000022:bnm=['서울씨엔지'],busiNm=['서울씨엔지(서울이브이)'],year=['2024'],maker=['휴맥스이브이']",2024;2024;2024
반포르엘아파트,서울특별시 서초구 신반포로23길 23,6,0,3,ER000329;ER000330;ER000333,,,?;?;?,동일,"ER000329:[7.0, 7.0, 7.0, 7.0, 7.0, 7.0] | ER000330:[7.0, 7.0, 7.0, 7.0, 7.0, 7.0] | ER000333:[7.0, 7.0, 7.0, 7.0, 7.0, 7.0]",동일 사업자(약한 의심),ER,동일,"ER000329:bnm=['이엘일렉트릭'],busiNm=['이엘일렉트릭'],year=['2025'],maker=[''] | ER000330:bnm=['이엘일렉트릭'],busiNm=['이엘일렉트릭'],year=['2025'],maker=[''] | ER000333:bnm=['이엘일렉트릭'],busiNm=['이엘일렉트릭'],year=['2025'],maker=['']",2025;2025;2025
성동 아크로서울포레스트,서울특별시 성동구 왕십리로 83-21,4,0,3,HY000761;HY000763;HY000828,,,?;?;?,동일,"HY000761:[7.0, 7.0, 7.0, 7.0] | HY000763:[7.0, 7.0, 7.0, 7.0] | HY000828:[7.0, 7.0, 7.0, 7.0]",동일 사업자(약한 의심),HY,동일,"HY000761:bnm=['현대엔지니어링'],busiNm=['현대엔지니어링'],year=['2024'],maker=[''] | HY000763:bnm=['현대엔지니어링'],busiNm=['현대엔지니어링'],year=['2024'],maker=[''] | HY000828:bnm=['현대엔지니어링'],busiNm=['현대엔지니어링'],year=['2024'],maker=['']",2024;2024;2024
성동 아크로서울포레스트,서울특별시 성동구 왕십리로 83-21,5,0,3,HY000762;HY000764;HY000829,,,?;?;?,동일,"HY000762:[7.0, 7.0, 7.0, 7.0, 7.0] | HY000764:[7.0, 7.0, 7.0, 7.0, 7.0] | HY000829:[7.0, 7.0, 7.0, 7.0, 7.0]",동일 사업자(약한 의심),HY,동일,"HY000762:bnm=['현대엔지니어링'],busiNm=['현대엔지니어링'],year=['2024'],maker=[''] | HY000764:bnm=['현대엔지니어링'],busiNm=['현대엔지니어링'],year=['2024'],maker=[''] | HY000829:bnm=['현대엔지니어링'],busiNm=['현대엔지니어링'],year=['2024'],maker=['']",2024;2024;2024
노원 월계동풍림아이원,서울특별시 노원구 화랑로47길 38,3,0,3,HY000965;HY000966;HY000967,,,?;?;?,동일,"HY000965:[7.0, 7.0, 7.0] | HY000966:[7.0, 7.0, 7.0] | HY000967:[7.0, 7.0, 7.0]",동일 사업자(약한 의심),HY,동일,"HY000965:bnm=['현대엔지니어링'],busiNm=['현대엔지니어링'],year=['2024'],maker=[''] | HY000966:bnm=['현대엔지니어링'],busiNm=['현대엔지니어링'],year=['2024'],maker=[''] | HY000967:bnm=['현대엔지니어링'],busiNm=['현대엔지니어링'],year=['2024'],maker=['']",2024;2024;2024
제일풍경채센트럴,대구광역시 달성군 유가읍 테크노대로 165,9,0,3,ER000292;ER000293;ER000295,,,?;?;?,동일,"ER000292:[7.0, 7.0, 7.0, 7.0, 7.0, 7.0, 7.0, 7.0, 7.0] | ER000293:[7.0, 7.0, 7.0, 7.0, 7.0, 7.0, 7.0, 7.0, 7.0] | ER000295:[7.0, 7.0, 7.0, 7.0, 7.0, 7.0, 7.0, 7.0, 7.0]",동일 사업자(약한 의심),ER,동일,"ER000292:bnm=['이엘일렉트릭'],busiNm=['이엘일렉트릭'],year=['2025'],maker=[''] | ER000293:bnm=['이엘일렉트릭'],busiNm=['이엘일렉트릭'],year=['2025'],maker=[''] | ER000295:bnm=['이엘일렉트릭'],busiNm=['이엘일렉트릭'],year=['2025'],maker=['']",2025;2025;2025
대구 월성푸르지오,대구광역시 달서구 조암로6길 20,3,0,3,HY000440;HY000442;HY000443,,,?;?;?,동일,"HY000440:[7.0, 7.0, 7.0] | HY000442:[7.0, 7.0, 7.0] | HY000443:[7.0, 7.0, 7.0]",동일 사업자(약한 의심),HY,동일,"HY000440:bnm=['현대엔지니어링'],busiNm=['현대엔지니어링'],year=['2023'],maker=[''] | HY000442:bnm=['현대엔지니어링'],busiNm=['현대엔지니어링'],year=['2023'],maker=[''] | HY000443:bnm=['현대엔지니어링'],busiNm=['현대엔지니어링'],year=['2023'],maker=['']",2023;2023;2023
대구 화원역 태왕리더스,대구광역시 달성군 화원읍 화원로3길 66,2,0,3,HY000648;HY000649;HY000650,,,?;?;?,동일,"HY000648:[7.0, 7.0] | HY000649:[7.0, 7.0] | HY000650:[7.0, 7.0]",동일 사업자(약한 의심),HY,동일,"HY000648:bnm=['현대엔지니어링'],busiNm=['현대엔지니어링'],year=['2023'],maker=[''] | HY000649:bnm=['현대엔지니어링'],busiNm=['현대엔지니어링'],year=['2023'],maker=[''] | HY000650:bnm=['현대엔지니어링'],busiNm=['현대엔지니어링'],year=['2023'],maker=['']",2023;2023;2023
송도더샵그린스퀘어 T16기둥,인천광역시 연수구 송도문화로28번길 81,4,0,3,IM000201;IM000202;IM000203,,,?;?;?,동일,"IM000201:[7.0, 7.0, 7.0, 7.0] | IM000202:[7.0, 7.0, 7.0, 7.0] | IM000203:[7.0, 7.0, 7.0, 7.0]",동일 사업자(약한 의심),IM,동일,"IM000201:bnm=['아이마켓코리아'],busiNm=['아이마켓코리아'],year=['2024'],maker=[''] | IM000202:bnm=['아이마켓코리아'],busiNm=['아이마켓코리아'],year=['2024'],maker=[''] | IM000203:bnm=['아이마켓코리아'],busiNm=['아이마켓코리아'],year=['2024'],maker=['']",2024;2024;2024
송도더샵그린스퀘어 I25기둥,인천광역시 연수구 송도문화로28번길 81,3,0,3,IM000213;IM000214;IM000215,,,?;?;?,동일,"IM000213:[7.0, 7.0, 7.0] | IM000214:[7.0, 7.0, 7.0] | IM000215:[7.0, 7.0, 7.0]",동일 사업자(약한 의심),IM,동일,"IM000213:bnm=['아이마켓코리아'],busiNm=['아이마켓코리아'],year=['2024'],maker=[''] | IM000214:bnm=['아이마켓코리아'],busiNm=['아이마켓코리아'],year=['2024'],maker=[''] | IM000215:bnm=['아이마켓코리아'],busiNm=['아이마켓코리아'],year=['2024'],maker=['']",2024;2024;2024
울산 서부성원상떼빌,울산광역시 동구 봉수로 450,3,0,3,HY000694;HY000695;HY000699,,,?;?;?,동일,"HY000694:[7.0, 7.0, 7.0] | HY000695:[7.0, 7.0, 7.0] | HY000699:[7.0, 7.0, 7.0]",동일 사업자(약한 의심),HY,동일,"HY000694:bnm=['현대엔지니어링'],busiNm=['현대엔지니어링'],year=['2023'],maker=[''] | HY000695:bnm=['현대엔지니어링'],busiNm=['현대엔지니어링'],year=['2023'],maker=[''] | HY000699:bnm=['현대엔지니어링'],busiNm=['현대엔지니어링'],year=['2023'],maker=['']",2023;2023;2023
마곡엠밸리8단지 807동 B2,서울특별시 강서구 마곡서1로 81,3,0,2,EC000699;EC000700,,,?;?,동일,"EC000699:[7.0, 7.0, 7.0] | EC000700:[7.0, 7.0, 7.0]",동일 사업자(약한 의심),EC,동일,"EC000699:bnm=['이지차저'],busiNm=['이지차저'],year=['2022'],maker=[''] | EC000700:bnm=['이지차저'],busiNm=['이지차저'],year=['2022'],maker=['']",2022;2022
도봉엠플럼오피스텔 지하주차장,서울특별시 도봉구 도봉로180길 38,1,0,2,EC003578;EC003579,,,시그넷;시그넷,동일,EC003578:[11.0] | EC003579:[11.0],동일 사업자(약한 의심),EC,동일,"EC003578:bnm=['이지차저'],busiNm=['이지차저'],year=['2023'],maker=['시그넷'] | EC003579:bnm=['이지차저'],busiNm=['이지차저'],year=['2023'],maker=['시그넷']",2023;2023
월곡래미안루나벨리 111동,서울특별시 성북구 월곡로14길 26,3,0,2,EC110066;EC110067,,,?;?,동일,"EC110066:[7.0, 7.0, 7.0] | EC110067:[7.0, 7.0, 7.0]",동일 사업자(약한 의심),EC,동일,"EC110066:bnm=['이지차저'],busiNm=['이지차저'],year=['2024'],maker=[''] | EC110067:bnm=['이지차저'],busiNm=['이지차저'],year=['2024'],maker=['']",2024;2024
신길센트럴아이파크APT,서울특별시 영등포구 가마산로 426,6,0,2,ER000275;ER000276,,,?;?,동일,"ER000275:[7.0, 7.0, 7.0, 7.0, 7.0, 7.0] | ER000276:[7.0, 7.0, 7.0, 7.0, 7.0, 7.0]",동일 사업자(약한 의심),ER,동일,"ER000275:bnm=['이엘일렉트릭'],busiNm=['이엘일렉트릭'],year=['2025'],maker=[''] | ER000276:bnm=['이엘일렉트릭'],busiNm=['이엘일렉트릭'],year=['2025'],maker=['']",2025;2025
반포르엘아파트,서울특별시 서초구 신반포로23길 23,3,0,2,ER000332;ER000334,,,?;?,동일,"ER000332:[7.0, 7.0, 7.0] | ER000334:[7.0, 7.0, 7.0]",동일 사업자(약한 의심),ER,동일,"ER000332:bnm=['이엘일렉트릭'],busiNm=['이엘일렉트릭'],year=['2025'],maker=[''] | ER000334:bnm=['이엘일렉트릭'],busiNm=['이엘일렉트릭'],year=['2025'],maker=['']",2025;2025
서울가든빌라,서울특별시 구로구 경인로 83,1,0,2,HE000784;HE240458,,,클린일렉스;?,동일,HE000784:[7.0] | HE240458:[7.0],동일 사업자(약한 의심),HE,다름,"HE000784:bnm=['한국전기차충전서비스'],busiNm=['한국전기차충전서비스'],year=['2018'],maker=['클린일렉스'] | HE240458:bnm=['한국전기차충전서비스'],busiNm=['한국전기차충전서비스'],year=['2025'],maker=['']",2018;2025
서울숲한진타운아파트,서울특별시 성동구 뚝섬로 310,3,0,2,HE212779;HE240404,,,한국알박;?,동일,"HE212779:[7.0, 7.0, 7.0] | HE240404:[7.0, 7.0, 7.0]",동일 사업자(약한 의심),HE,다름,"HE212779:bnm=['한국전기차충전서비스'],busiNm=['한국전기차충전서비스'],year=['2021'],maker=['한국알박'] | HE240404:bnm=['한국전기차충전서비스'],busiNm=['한국전기차충전서비스'],year=['2025'],maker=['']",2021;2025
서초현대ESA2아파트,서울특별시 서초구 반포대로 122,3,0,2,HE212791;HE240515,,,한국알박;중앙제어,동일,"HE212791:[7.0, 7.0, 7.0] | HE240515:[7.0, 7.0, 7.0]",동일 사업자(약한 의심),HE,다름,"HE212791:bnm=['한국전기차충전서비스'],busiNm=['한국전기차충전서비스'],year=['2021'],maker=['한국알박'] | HE240515:bnm=['한국전기차충전서비스'],busiNm=['한국전기차충전서비스'],year=['2026'],maker=['중앙제어']",2021;2026
노원 한신은빛2단지,서울특별시 노원구 동일로245가길 41,5,0,2,HY000627;HY000629,,,?;?,동일,"HY000627:[7.0, 7.0, 7.0, 7.0, 7.0] | HY000629:[7.0, 7.0, 7.0, 7.0, 7.0]",동일 사업자(약한 의심),HY,동일,"HY000627:bnm=['현대엔지니어링'],busiNm=['현대엔지니어링'],year=['2023'],maker=[''] | HY000629:bnm=['현대엔지니어링'],busiNm=['현대엔지니어링'],year=['2023'],maker=['']",2023;2023
성동 아크로서울포레스트,서울특별시 성동구 왕십리로 83-21,4,1,2,HY000826;HY000827,,,시그넷;시그넷,동일,"HY000826:[7.0, 7.0, 7.0, 7.0, 50.0] | HY000827:[7.0, 7.0, 7.0, 7.0, 50.0]",동일 사업자(약한 의심),HY,동일,"HY000826:bnm=['현대엔지니어링'],busiNm=['현대엔지니어링'],year=['2024'],maker=['', '시그넷'] | HY000827:bnm=['현대엔지니어링'],busiNm=['현대엔지니어링'],year=['2024'],maker=['', '시그넷']",2024;2024
디큐브 링크아트센터,서울특별시 구로구 경인로 662,5,0,2,HY000771;HY000772,,,?;?,동일,"HY000771:[7.0, 7.0, 7.0, 7.0, 7.0] | HY000772:[7.0, 7.0, 7.0, 7.0, 7.0]",동일 사업자(약한 의심),HY,동일,"HY000771:bnm=['현대엔지니어링'],busiNm=['현대엔지니어링'],year=['2024'],maker=[''] | HY000772:bnm=['현대엔지니어링'],busiNm=['현대엔지니어링'],year=['2024'],maker=['']",2024;2024
대륭포스트타워2차,서울특별시 구로구 디지털로 306,4,0,2,LU002654;LU002690,,,LS산전;LS산전,동일,"LU002654:[7.0, 7.0, 7.0, 7.0] | LU002690:[7.0, 7.0, 7.0, 7.0]",동일 사업자(약한 의심),LU,다름,"LU002654:bnm=['LG유플러스 볼트업'],busiNm=['LG유플러스 볼트업'],year=['2024'],maker=['LS산전'] | LU002690:bnm=['LG유플러스 볼트업'],busiNm=['LG유플러스'],year=['2024'],maker=['LS산전']",2024;2024
보문아이파크아파트,서울특별시 성북구 지봉로21길 19,5,0,2,LU000482;LU003837,,,?;?,동일,"LU000482:[7.0, 7.0, 7.0, 7.0, 7.0] | LU003837:[7.0, 7.0, 7.0, 7.0, 7.0]",동일 사업자(약한 의심),LU,다름,"LU000482:bnm=['LG유플러스 볼트업'],busiNm=['엘지유플러스'],year=['2021'],maker=[''] | LU003837:bnm=['LG유플러스 볼트업'],busiNm=['LG유플러스볼트업'],year=['2025'],maker=['']",2021;2025
래미안 원베일리,서울 서초구 반포대로 333,100,0,2,PL032708;PL932708,,,?;?,동일,"PL032708:[7.0, 7.0, 7.0, 7.0, 7.0, 7.0, 7.0, 7.0, 7.0, 7.0, 7.0, 7.0, 7.0, 7.0, 7.0, 7.0, 7.0, 7.0, 7.0, 7.0, 7.0, 7.0, 7.0, 7.0, 7.0, 7.0, 7.0, 7.0, 7.0, 7.0, 7.0, 7.0, 7.0, 7.0, 7.0, 7.0, 7.0, 7.0, 7.0, 7.0, 7.0, 7.0, 7.0, 7.0, 7.0, 7.0, 7.0, 7.0, 7.0, 7.0, 7.0, 7.0, 7.0, 7.0, 7.0, 7.0, 7.0, 7.0, 7.0, 7.0, 7.0, 7.0, 7.0, 7.0, 7.0, 7.0, 7.0, 7.0, 7.0, 7.0, 7.0, 7.0, 7.0, 7.0, 7.0, 7.0, 7.0, 7.0, 7.0, 7.0, 7.0, 7.0, 7.0, 7.0, 7.0, 7.0, 7.0, 7.0, 7.0, 7.0, 7.0, 7.0, 7.0, 7.0, 7.0, 7.0, 7.0, 7.0, 7.0, 7.0] | PL932708:[7.0, 7.0, 7.0, 7.0, 7.0, 7.0, 7.0, 7.0, 7.0, 7.0, 7.0, 7.0, 7.0, 7.0, 7.0, 7.0, 7.0, 7.0, 7.0, 7.0, 7.0, 7.0, 7.0, 7.0, 7.0, 7.0, 7.0, 7.0, 7.0, 7.0, 7.0, 7.0, 7.0, 7.0, 7.0, 7.0, 7.0, 7.0, 7.0, 7.0, 7.0, 7.0, 7.0, 7.0, 7.0, 7.0, 7.0, 7.0, 7.0, 7.0, 7.0, 7.0, 7.0, 7.0, 7.0, 7.0, 7.0, 7.0, 7.0, 7.0, 7.0, 7.0, 7.0, 7.0, 7.0, 7.0, 7.0, 7.0, 7.0, 7.0, 7.0, 7.0, 7.0, 7.0, 7.0, 7.0, 7.0, 7.0, 7.0, 7.0, 7.0, 7.0, 7.0, 7.0, 7.0, 7.0, 7.0, 7.0, 7.0, 7.0, 7.0, 7.0, 7.0, 7.0, 7.0, 7.0, 7.0, 7.0, 7.0, 7.0]",동일 사업자(약한 의심),PL,다름,"PL032708:bnm=['플러그링크'],busiNm=['플러그링크'],year=['2025'],maker=[''] | PL932708:bnm=['플러그링크'],busiNm=['플러그링크'],year=['2025', '2026'],maker=['']","2025;2025,2026"
브라운스톤서울오피스텔,서울특별시 중구 청파로 464,3,0,2,PW000545;PW100202,,,클린일렉스;?,동일,"PW000545:[7.0, 7.0, 7.0] | PW100202:[7.0, 7.0, 7.0]",동일 사업자(약한 의심),PW,다름,"PW000545:bnm=['파워큐브'],busiNm=['파워큐브(SP)'],year=['2022'],maker=['클린일렉스'] | PW100202:bnm=['파워큐브'],busiNm=['파워큐브코리아'],year=['2022'],maker=['']",2022;2022
숭실대학교 중앙도서관,서울특별시 동작구 상도로 369,0,2,2,SOEUC001;SOEUC002,,,?;?,동일,"SOEUC001:[200.0, 200.0] | SOEUC002:[200.0, 200.0]",동일 사업자(약한 의심),SOEUC,동일,"SOEUC001:bnm=['선광시스템'],busiNm=['㈜선광시스템'],year=['2025'],maker=[''] | SOEUC002:bnm=['선광시스템'],busiNm=['㈜선광시스템'],year=['2025'],maker=['']",2025;2025
동호운수(응봉근린공원),서울특별시 성동구 금호산15길 17-1,0,2,2,SZBA0060;SZBA0081,,,PNE;?,동일,"SZBA0060:[240.0, 240.0] | SZBA0081:[240.0, 240.0]",동일 사업자(약한 의심),SZBA,다름,"SZBA0060:bnm=['SG생활안전'],busiNm=['SG생활안전'],year=['2024'],maker=['PNE'] | SZBA0081:bnm=['SG생활안전'],busiNm=['SG생활안전'],year=['2025'],maker=['']",2024;2025
장안(울산) 휴게소,부산광역시 기장군 장안읍 동해고속도로 26,0,1,2,ME19D111;ME21D011,,,중앙제어;채비,동일,ME19D111:[100.0] | ME21D011:[100.0],동일 사업자(약한 의심),ME,다름,"ME19D111:bnm=['기후에너지환경부'],busiNm=['기후에너지환경부'],year=['2019'],maker=['중앙제어'] | ME21D011:bnm=['기후에너지환경부'],busiNm=['기후에너지환경부'],year=['2021'],maker=['채비']",2019;2021
센텀SK뷰아파트 P4주차장 109동 B1 64기둥,부산광역시 해운대구 삼어로 55,3,0,2,EC000982;EC000983,,,?;?,동일,"EC000982:[7.0, 7.0, 7.0] | EC000983:[7.0, 7.0, 7.0]",동일 사업자(약한 의심),EC,동일,"EC000982:bnm=['이지차저'],busiNm=['이지차저'],year=['2022'],maker=[''] | EC000983:bnm=['이지차저'],busiNm=['이지차저'],year=['2022'],maker=['']",2022;2022
정관이지더원3차 314동,부산광역시 기장군 정관읍 정관로 350,3,0,2,EC002027;EC002547,,,?;?,동일,"EC002027:[7.0, 7.0, 7.0] | EC002547:[7.0, 7.0, 7.0]",동일 사업자(약한 의심),EC,다름,"EC002027:bnm=['이지차저'],busiNm=['이지차저'],year=['2022'],maker=[''] | EC002547:bnm=['이지차저'],busiNm=['이지차저'],year=['2023'],maker=['']",2022;2023
개금아이파크 206동 B2,부산광역시 부산진구 복지로 70,6,0,2,EC004136;EC004137,,,시그넷;시그넷,동일,"EC004136:[11.0, 11.0, 11.0, 11.0, 11.0, 11.0] | EC004137:[11.0, 11.0, 11.0, 11.0, 11.0, 11.0]",동일 사업자(약한 의심),EC,동일,"EC004136:bnm=['이지차저'],busiNm=['이지차저'],year=['2022'],maker=['시그넷'] | EC004137:bnm=['이지차저'],busiNm=['이지차저'],year=['2022'],maker=['시그넷']",2022;2022
개금아이파크 218동 B2,부산광역시 부산진구 복지로 70,6,0,2,EC004140;EC004141,,,시그넷;시그넷,동일,"EC004140:[11.0, 11.0, 11.0, 11.0, 11.0, 11.0] | EC004141:[11.0, 11.0, 11.0, 11.0, 11.0, 11.0]",동일 사업자(약한 의심),EC,동일,"EC004140:bnm=['이지차저'],busiNm=['이지차저'],year=['2022'],maker=['시그넷'] | EC004141:bnm=['이지차저'],busiNm=['이지차저'],year=['2022'],maker=['시그넷']",2022;2022
부산동구 범양레우스센트럴베이아파트 1,부산 동구 초량중로 114,3,0,2,EV018445;EV018446,,,에버온;에버온,동일,"EV018445:[7.0, 7.0, 7.0] | EV018446:[7.0, 7.0, 7.0]",동일 사업자(약한 의심),EV,동일,"EV018445:bnm=['에버온'],busiNm=['주식회사 에버온'],year=['2025'],maker=['에버온'] | EV018446:bnm=['에버온'],busiNm=['주식회사 에버온'],year=['2025'],maker=['에버온']",2025;2025
부산 해운대상록아파트,부산광역시 해운대구 세실로 7,10,0,2,HY000794;HY000795,,,?;?,동일,"HY000794:[7.0, 7.0, 7.0, 7.0, 7.0, 7.0, 7.0, 7.0, 7.0, 7.0] | HY000795:[7.0, 7.0, 7.0, 7.0, 7.0, 7.0, 7.0, 7.0, 7.0, 7.0]",동일 사업자(약한 의심),HY,동일,"HY000794:bnm=['현대엔지니어링'],busiNm=['현대엔지니어링'],year=['2024'],maker=[''] | HY000795:bnm=['현대엔지니어링'],busiNm=['현대엔지니어링'],year=['2024'],maker=['']",2024;2024
동래대우아파트,부산광역시 동래구 충렬대로140번길 32,5,0,2,LU000416;LU000417,,,중앙제어;에바,동일,"LU000416:[7.0, 7.0, 7.0, 7.0, 7.0] | LU000417:[7.0, 7.0, 7.0, 7.0, 7.0]",동일 사업자(약한 의심),LU,다름,"LU000416:bnm=['LG유플러스 볼트업'],busiNm=['엘지유플러스'],year=['2021'],maker=['중앙제어'] | LU000417:bnm=['LG유플러스 볼트업'],busiNm=['엘지유플러스'],year=['2022'],maker=['에바']",2021;2022
우성스마트시티오피스텔,부산광역시 기장군 정관읍 정관6로 3,1,0,2,PI001748;PI001808,,,스타코프;스타코프,동일,PI001748:[3.0] | PI001808:[3.0],동일 사업자(약한 의심),PI,동일,"PI001748:bnm=['GS차지비'],busiNm=['GS차지비'],year=['2022'],maker=['스타코프'] | PI001808:bnm=['GS차지비'],busiNm=['GS차지비'],year=['2022'],maker=['스타코프']",2022;2022
리벨루스부산성지아파트,부산광역시 금정구 명서로 94,5,0,2,PL000295;PL006423,,,에바;에바,동일,"PL000295:[7.0, 7.0, 7.0, 7.0, 7.0] | PL006423:[7.0, 7.0, 7.0, 7.0, 7.0]",동일 사업자(약한 의심),PL,다름,"PL000295:bnm=['플러그링크'],busiNm=['플러그링크'],year=['2022'],maker=['에바'] | PL006423:bnm=['플러그링크'],busiNm=['플러그링크'],year=['2026'],maker=['에바']",2022;2026
해운대푸르지오시티,부산광역시 해운대구 해운대해변로298번길 29,4,0,2,PW001149;PW100087,,,?;?,동일,"PW001149:[7.0, 7.0, 7.0, 7.0] | PW100087:[7.0, 7.0, 7.0, 7.0]",동일 사업자(약한 의심),PW,다름,"PW001149:bnm=['파워큐브'],busiNm=['파워큐브(SP)'],year=['2018'],maker=[''] | PW100087:bnm=['파워큐브'],busiNm=['파워큐브(SP)'],year=['2023'],maker=['']",2018;2023
경보아파트입주자대표회의,부산광역시 금정구 금단로 33,2,0,2,PW011834;PW013022,,,?;?,동일,"PW011834:[7.0, 7.0] | PW013022:[7.0, 7.0]",동일 사업자(약한 의심),PW,다름,"PW011834:bnm=['파워큐브'],busiNm=['파워큐브'],year=['2020'],maker=[''] | PW013022:bnm=['파워큐브'],busiNm=['파워큐브'],year=['2022'],maker=['']",2020;2022
군위(춘천) 휴게소,대구광역시 군위군 군위읍 경북대로 4082,0,2,2,ME18C229;ME21B262,,,채비;채비,다름,"ME18C229:[200.0, 200.0] | ME21B262:[100.0, 100.0]",동일 사업자(약한 의심),ME,다름,"ME18C229:bnm=['기후에너지환경부'],busiNm=['기후에너지환경부'],year=['2018'],maker=['채비'] | ME21B262:bnm=['기후에너지환경부'],busiNm=['기후에너지환경부'],year=['2021'],maker=['채비']",2018;2021
대구 동대구푸르지오브리센트_109동,대구광역시 동구 효목로5길 55,4,0,2,CGP00015;CGP00018,,,휴맥스이브이;휴맥스이브이,동일,"CGP00015:[7.0, 7.0, 7.0, 7.0] | CGP00018:[7.0, 7.0, 7.0, 7.0]",동일 사업자(약한 의심),CGP,동일,"CGP00015:bnm=['서울씨엔지'],busiNm=['서울씨엔지(서울이브이)'],year=['2025'],maker=['휴맥스이브이'] | CGP00018:bnm=['서울씨엔지'],busiNm=['서울씨엔지(서울이브이)'],year=['2025'],maker=['휴맥스이브이']",2025;2025
대구 동대구푸르지오브리센트_110동,대구광역시 동구 효목로5길 55,4,0,2,CGP00016;CGP00019,,,휴맥스이브이;휴맥스이브이,동일,"CGP00016:[7.0, 7.0, 7.0, 7.0] | CGP00019:[7.0, 7.0, 7.0, 7.0]",동일 사업자(약한 의심),CGP,동일,"CGP00016:bnm=['서울씨엔지'],busiNm=['서울씨엔지(서울이브이)'],year=['2025'],maker=['휴맥스이브이'] | CGP00019:bnm=['서울씨엔지'],busiNm=['서울씨엔지(서울이브이)'],year=['2025'],maker=['휴맥스이브이']",2025;2025
만촌자이르네,대구광역시 수성구 교학로19길 19,6,0,2,DC530002;DC530003,,,채비;채비,동일,"DC530002:[7.0, 7.0, 7.0, 7.0, 7.0, 7.0] | DC530003:[7.0, 7.0, 7.0, 7.0, 7.0, 7.0]",동일 사업자(약한 의심),DC,동일,"DC530002:bnm=['대성물류건설'],busiNm=['대성물류건설(주)'],year=['2025'],maker=['채비'] | DC530003:bnm=['대성물류건설'],busiNm=['대성물류건설(주)'],year=['2025'],maker=['채비']",2025;2025
대구 월성푸르지오,대구광역시 달서구 조암로6길 20,2,0,2,HY000439;HY000441,,,?;?,동일,"HY000439:[7.0, 7.0] | HY000441:[7.0, 7.0]",동일 사업자(약한 의심),HY,동일,"HY000439:bnm=['현대엔지니어링'],busiNm=['현대엔지니어링'],year=['2023'],maker=[''] | HY000441:bnm=['현대엔지니어링'],busiNm=['현대엔지니어링'],year=['2023'],maker=['']",2023;2023
대구 칠곡한서타운,대구광역시 북구 동암로7길 39,3,0,2,HY000506;HY000507,,,?;?,동일,"HY000506:[7.0, 7.0, 7.0] | HY000507:[7.0, 7.0, 7.0]",동일 사업자(약한 의심),HY,동일,"HY000506:bnm=['현대엔지니어링'],busiNm=['현대엔지니어링'],year=['2023'],maker=[''] | HY000507:bnm=['현대엔지니어링'],busiNm=['현대엔지니어링'],year=['2023'],maker=['']",2023;2023
대구 월배아이파크1차,대구광역시 달서구 조암남로 182,3,0,2,HY001085;HY001086,,,?;?,동일,"HY001085:[7.0, 7.0, 7.0] | HY001086:[7.0, 7.0, 7.0]",동일 사업자(약한 의심),HY,동일,"HY001085:bnm=['현대엔지니어링'],busiNm=['현대엔지니어링'],year=['2024'],maker=[''] | HY001086:bnm=['현대엔지니어링'],busiNm=['현대엔지니어링'],year=['2024'],maker=['']",2024;2024
한실들마을 2차,대구광역시 달서구 한실로 49,8,0,2,LU000742;LU003073,,,"중앙제어;LS산전,LS전선",동일,"LU000742:[7.0, 7.0, 7.0, 7.0, 7.0, 7.0, 7.0, 7.0] | LU003073:[7.0, 7.0, 7.0, 7.0, 7.0, 7.0, 7.0, 7.0]",동일 사업자(약한 의심),LU,다름,"LU000742:bnm=['LG유플러스 볼트업'],busiNm=['LG유플러스볼트업'],year=['2021', '2025'],maker=['', '중앙제어'] | LU003073:bnm=['LG유플러스 볼트업'],busiNm=['LG유플러스볼트업'],year=['2024'],maker=['LS산전', 'LS전선']","2021,2025;2024"
두산위브더제니스,대구광역시 수성구 달구벌대로 2435,2,0,2,PI067893;PI740396,,,에바;중앙제어,동일,"PI067893:[7.0, 7.0] | PI740396:[7.0, 7.0]",동일 사업자(약한 의심),PI,다름,"PI067893:bnm=['GS차지비'],busiNm=['GS차지비'],year=['2024'],maker=['에바'] | PI740396:bnm=['GS차지비'],busiNm=['GS차지비'],year=['2021'],maker=['중앙제어']",2024;2021
동화마을 공영주차장,인천광역시 제물포구 송월동2가 4,0,1,2,ME19A162;ME22C1C4,,,중앙제어;채비,동일,ME19A162:[100.0] | ME22C1C4:[100.0],동일 사업자(약한 의심),ME,다름,"ME19A162:bnm=['기후에너지환경부'],busiNm=['기후에너지환경부'],year=['2019'],maker=['중앙제어'] | ME22C1C4:bnm=['기후에너지환경부'],busiNm=['기후에너지환경부'],year=['2022'],maker=['채비']",2019;2022
국립생물자원관,인천광역시 검단구 환경로 42,0,1,2,ME19A167;ME25A152,,,중앙제어;중앙제어,동일,ME19A167:[100.0] | ME25A152:[100.0],동일 사업자(약한 의심),ME,다름,"ME19A167:bnm=['기후에너지환경부'],busiNm=['기후에너지환경부'],year=['2019'],maker=['중앙제어'] | ME25A152:bnm=['기후에너지환경부'],busiNm=['환경부'],year=['2025'],maker=['중앙제어']",2019;2025
인천환경공단 가좌사업소,인천광역시 서해구 중봉대로211,0,2,2,ME19A259;ME24B209,,,채비;시그넷,다름,"ME19A259:[200.0, 200.0] | ME24B209:[100.0, 100.0]",동일 사업자(약한 의심),ME,다름,"ME19A259:bnm=['기후에너지환경부'],busiNm=['기후에너지환경부'],year=['2019'],maker=['채비'] | ME24B209:bnm=['기후에너지환경부'],busiNm=['기후에너지환경부'],year=['2024'],maker=['시그넷']",2019;2024
모도리 공영주차장,인천광역시 옹진군 북도면 모도로 124,0,1,2,CU950003;CU950004,,,씨어스;씨어스,동일,CU950003:[50.0] | CU950004:[50.0],동일 사업자(약한 의심),CU,동일,"CU950003:bnm=['씨어스'],busiNm=['씨어스'],year=['2025'],maker=['씨어스'] | CU950004:bnm=['씨어스'],busiNm=['씨어스'],year=['2025'],maker=['씨어스']",2025;2025
부평아이파크오피스텔,인천광역시 부평구 길주로364번길 9,0,1,2,EC280157;EC280158,,,?;?,동일,EC280157:[50.0] | EC280158:[50.0],동일 사업자(약한 의심),EC,동일,"EC280157:bnm=['이지차저'],busiNm=['이지차저'],year=['2024'],maker=[''] | EC280158:bnm=['이지차저'],busiNm=['이지차저'],year=['2024'],maker=['']",2024;2024
송도웰카운티1단지아파트,인천광역시 연수구 해송로 143,4,0,2,ER000195;ER000196,,,?;?,동일,"ER000195:[7.0, 7.0, 7.0, 7.0] | ER000196:[7.0, 7.0, 7.0, 7.0]",동일 사업자(약한 의심),ER,동일,"ER000195:bnm=['이엘일렉트릭'],busiNm=['이엘일렉트릭'],year=['2025'],maker=[''] | ER000196:bnm=['이엘일렉트릭'],busiNm=['이엘일렉트릭'],year=['2025'],maker=['']",2025;2025
한국생산기술연구원,인천광역시 연수구 갯벌로 156,1,0,2,HE192208;HE240524,,,중앙제어;중앙제어,동일,HE192208:[7.0] | HE240524:[7.0],동일 사업자(약한 의심),HE,다름,"HE192208:bnm=['한국전기차충전서비스'],busiNm=['한국전기차충전서비스'],year=['2020'],maker=['중앙제어'] | HE240524:bnm=['한국전기차충전서비스'],busiNm=['한국전기차충전서비스'],year=['2026'],maker=['중앙제어']",2020;2026
현대프리미엄아울렛 송도점,인천광역시 연수구 송도국제대로 123,11,0,2,HY000985;HY000986,,,?;?,동일,"HY000985:[7.0, 7.0, 7.0, 7.0, 7.0, 7.0, 7.0, 7.0, 7.0, 7.0, 7.0] | HY000986:[7.0, 7.0, 7.0, 7.0, 7.0, 7.0, 7.0, 7.0, 7.0, 7.0, 7.0]",동일 사업자(약한 의심),HY,동일,"HY000985:bnm=['현대엔지니어링'],busiNm=['현대엔지니어링'],year=['2024'],maker=[''] | HY000986:bnm=['현대엔지니어링'],busiNm=['현대엔지니어링'],year=['2024'],maker=['']",2024;2024
송도더샵그린스퀘어 M23기둥,인천광역시 연수구 송도문화로28번길 81,4,0,2,IM000219;IM000223,,,?;?,동일,"IM000219:[7.0, 7.0, 7.0, 7.0] | IM000223:[7.0, 7.0, 7.0, 7.0]",동일 사업자(약한 의심),IM,동일,"IM000219:bnm=['아이마켓코리아'],busiNm=['아이마켓코리아'],year=['2024'],maker=[''] | IM000223:bnm=['아이마켓코리아'],busiNm=['아이마켓코리아'],year=['2024'],maker=['']",2024;2024
아름다운타워,인천광역시 남동구 논고개로 101 (논현동),3,0,2,L3002573;L3002574,,,?;?,동일,"L3002573:[7.0, 7.0, 7.0] | L3002574:[7.0, 7.0, 7.0]",동일 사업자(약한 의심),L,동일,"L3002573:bnm=['엘쓰리일렉트릭파워'],busiNm=['이지차저'],year=['2023'],maker=[''] | L3002574:bnm=['엘쓰리일렉트릭파워'],busiNm=['이지차저'],year=['2023'],maker=['']",2023;2023
동원로얄듀크아파트,인천광역시 영종구 하늘중앙로 272,3,0,2,LU001633;LU004304,,,LS산전;?,동일,"LU001633:[7.0, 7.0, 7.0] | LU004304:[7.0, 7.0, 7.0]",동일 사업자(약한 의심),LU,다름,"LU001633:bnm=['LG유플러스 볼트업'],busiNm=['엘지유플러스'],year=['2024'],maker=['LS산전'] | LU004304:bnm=['LG유플러스 볼트업'],busiNm=['LG유플러스볼트업'],year=['2024'],maker=['']",2024;2024
청라골드클래스아파트,인천광역시 서해구 청라사파이어로 158,6,0,2,PL000128;PL009234,,,에바;에바,동일,"PL000128:[7.0, 7.0, 7.0, 7.0, 7.0, 7.0] | PL009234:[7.0, 7.0, 7.0, 7.0, 7.0, 7.0]",동일 사업자(약한 의심),PL,다름,"PL000128:bnm=['플러그링크'],busiNm=['플러그링크'],year=['2022'],maker=['에바'] | PL009234:bnm=['플러그링크'],busiNm=['플러그링크'],year=['2025'],maker=['에바']",2022;2025
청라29블럭호반베르디움-489동,인천광역시 서해구 청라커낼로 163,3,0,2,PW001273;PW001278,,,클린일렉스;클린일렉스,동일,"PW001273:[7.0, 7.0, 7.0] | PW001278:[7.0, 7.0, 7.0]",동일 사업자(약한 의심),PW,동일,"PW001273:bnm=['파워큐브'],busiNm=['파워큐브(SP)'],year=['2018'],maker=['클린일렉스'] | PW001278:bnm=['파워큐브'],busiNm=['파워큐브(SP)'],year=['2018'],maker=['클린일렉스']",2018;2018
스마트뷰아파트,대전광역시 동구 성남로 15,10,0,2,PW010621;PW100635,,,?;?,동일,"PW010621:[7.0, 7.0, 7.0, 7.0, 7.0, 7.0, 7.0, 7.0, 7.0, 7.0] | PW100635:[7.0, 7.0, 7.0, 7.0, 7.0, 7.0, 7.0, 7.0, 7.0, 7.0]",동일 사업자(약한 의심),PW,다름,"PW010621:bnm=['파워큐브'],busiNm=['파워큐브'],year=['2019'],maker=[''] | PW100635:bnm=['파워큐브'],busiNm=['파워큐브'],year=['2022'],maker=['']",2019;2022
울산과학기술원,울산광역시 울주군 언양읍 유니스트길 50,0,2,2,ME19E218;ME19Z210,,,중앙제어;시그넷,다름,"ME19E218:[100.0, 100.0] | ME19Z210:[200.0, 200.0]",동일 사업자(약한 의심),ME,다름,"ME19E218:bnm=['기후에너지환경부'],busiNm=['기후에너지환경부'],year=['2019', '2020'],maker=['중앙제어'] | ME19Z210:bnm=['기후에너지환경부'],busiNm=['기후에너지환경부'],year=['2020'],maker=['시그넷']","2019,2020;2020"
무거위브자이 B2 101동,울산광역시 남구 북부순환도로 35,3,0,2,EC002018;EC002020,,,시그넷;시그넷,동일,"EC002018:[11.0, 11.0, 11.0] | EC002020:[11.0, 11.0, 11.0]",동일 사업자(약한 의심),EC,동일,"EC002018:bnm=['이지차저'],busiNm=['이지차저'],year=['2022'],maker=['시그넷'] | EC002020:bnm=['이지차저'],busiNm=['이지차저'],year=['2022'],maker=['시그넷']",2022;2022
울산 서부성원상떼빌,울산광역시 동구 봉수로 450,5,0,2,HY000809;HY000810,,,?;?,동일,"HY000809:[7.0, 7.0, 7.0, 7.0, 7.0] | HY000810:[7.0, 7.0, 7.0, 7.0, 7.0]",동일 사업자(약한 의심),HY,동일,"HY000809:bnm=['현대엔지니어링'],busiNm=['현대엔지니어링'],year=['2024'],maker=[''] | HY000810:bnm=['현대엔지니어링'],busiNm=['현대엔지니어링'],year=['2024'],maker=['']",2024;2024
나인파크삼산오피스텔,울산광역시 남구 화합로 162,6,0,2,PL005115;PL011548,,,에바;에바,동일,"PL005115:[7.0, 7.0, 7.0, 7.0, 7.0, 7.0] | PL011548:[7.0, 7.0, 7.0, 7.0, 7.0, 7.0]",동일 사업자(약한 의심),PL,다름,"PL005115:bnm=['플러그링크'],busiNm=['플러그링크'],year=['2023'],maker=['에바'] | PL011548:bnm=['플러그링크'],busiNm=['플러그링크'],year=['2026'],maker=['에바']",2023;2026
